,Reference,Distorted,MOS,Reference_ID,Distortion_ID,Distortion_Intensity
0,I01.BMP,I01_01_1.bmp,5.9706,01,01,1
1,I01.BMP,I01_01_2.bmp,5.4167,01,01,2
2,I01.BMP,I01_01_3.bmp,4.5556,01,01,3
3,I01.BMP,I01_01_4.bmp,4.3143,01,01,4
4,I01.BMP,I01_02_1.bmp,6.1429,01,02,1
5,I01.BMP,I01_02_2.bmp,5.7941,01,02,2
6,I01.BMP,I01_02_3.bmp,5.4444,01,02,3
7,I01.BMP,I01_02_4.bmp,4.9143,01,02,4
8,I01.BMP,I01_03_1.bmp,4.8056,01,03,1
9,I01.BMP,I01_03_2.bmp,4.0286,01,03,2
10,I01.BMP,I01_03_3.bmp,3.5278,01,03,3
11,I01.BMP,I01_03_4.bmp,2.75,01,03,4
12,I01.BMP,I01_04_1.bmp,6.0286,01,04,1
13,I01.BMP,I01_04_2.bmp,5.9714,01,04,2
14,I01.BMP,I01_04_3.bmp,5.7429,01,04,3
15,I01.BMP,I01_04_4.bmp,4.8286,01,04,4
16,I01.BMP,I01_05_1.bmp,5.8571,01,05,1
17,I01.BMP,I01_05_2.bmp,5.6111,01,05,2
18,I01.BMP,I01_05_3.bmp,4.8571,01,05,3
19,I01.BMP,I01_05_4.bmp,3.5429,01,05,4
20,I01.BMP,I01_06_1.bmp,4.4706,01,06,1
21,I01.BMP,I01_06_2.bmp,4.2286,01,06,2
22,I01.BMP,I01_06_3.bmp,4.0294,01,06,3
23,I01.BMP,I01_06_4.bmp,3.3056,01,06,4
24,I01.BMP,I01_07_1.bmp,4.7778,01,07,1
25,I01.BMP,I01_07_2.bmp,4.1111,01,07,2
26,I01.BMP,I01_07_3.bmp,3.2,01,07,3
27,I01.BMP,I01_07_4.bmp,2.1667,01,07,4
28,I01.BMP,I01_08_1.bmp,4.7353,01,08,1
29,I01.BMP,I01_08_2.bmp,3.9143,01,08,2
30,I01.BMP,I01_08_3.bmp,3.2778,01,08,3
31,I01.BMP,I01_08_4.bmp,2.1765,01,08,4
32,I01.BMP,I01_09_1.bmp,5.7143,01,09,1
33,I01.BMP,I01_09_2.bmp,4.9143,01,09,2
34,I01.BMP,I01_09_3.bmp,3.0,01,09,3
35,I01.BMP,I01_09_4.bmp,1.2,01,09,4
36,I01.BMP,I01_10_1.bmp,5.9444,01,10,1
37,I01.BMP,I01_10_2.bmp,5.1667,01,10,2
38,I01.BMP,I01_10_3.bmp,3.3056,01,10,3
39,I01.BMP,I01_10_4.bmp,1.4571,01,10,4
40,I01.BMP,I01_11_1.bmp,5.8,01,11,1
41,I01.BMP,I01_11_2.bmp,5.1667,01,11,2
42,I01.BMP,I01_11_3.bmp,3.5556,01,11,3
43,I01.BMP,I01_11_4.bmp,1.0,01,11,4
44,I01.BMP,I01_12_1.bmp,6.4242,01,12,1
45,I01.BMP,I01_12_2.bmp,4.3056,01,12,2
46,I01.BMP,I01_12_3.bmp,4.1111,01,12,3
47,I01.BMP,I01_12_4.bmp,3.3889,01,12,4
48,I01.BMP,I01_13_1.bmp,4.1714,01,13,1
49,I01.BMP,I01_13_2.bmp,3.8235,01,13,2
50,I01.BMP,I01_13_3.bmp,3.5143,01,13,3
51,I01.BMP,I01_13_4.bmp,3.1765,01,13,4
52,I01.BMP,I01_14_1.bmp,6.3429,01,14,1
53,I01.BMP,I01_14_2.bmp,6.3429,01,14,2
54,I01.BMP,I01_14_3.bmp,5.6944,01,14,3
55,I01.BMP,I01_14_4.bmp,4.6111,01,14,4
56,I01.BMP,I01_15_1.bmp,2.5143,01,15,1
57,I01.BMP,I01_15_2.bmp,2.9706,01,15,2
58,I01.BMP,I01_15_3.bmp,3.8571,01,15,3
59,I01.BMP,I01_15_4.bmp,4.2778,01,15,4
60,I01.BMP,I01_16_1.bmp,5.9412,01,16,1
61,I01.BMP,I01_16_2.bmp,5.6286,01,16,2
62,I01.BMP,I01_16_3.bmp,5.8889,01,16,3
63,I01.BMP,I01_16_4.bmp,4.8571,01,16,4
64,I01.BMP,I01_17_1.bmp,6.5,01,17,1
65,I01.BMP,I01_17_2.bmp,4.9714,01,17,2
66,I01.BMP,I01_17_3.bmp,6.1944,01,17,3
67,I01.BMP,I01_17_4.bmp,3.9722,01,17,4
68,I02.BMP,I02_01_1.bmp,6.3,02,01,1
69,I02.BMP,I02_01_2.bmp,5.6563,02,01,2
70,I02.BMP,I02_01_3.bmp,4.9375,02,01,3
71,I02.BMP,I02_01_4.bmp,4.0645,02,01,4
72,I02.BMP,I02_02_1.bmp,6.1724,02,02,1
73,I02.BMP,I02_02_2.bmp,6.4688,02,02,2
74,I02.BMP,I02_02_3.bmp,5.4839,02,02,3
75,I02.BMP,I02_02_4.bmp,5.0313,02,02,4
76,I02.BMP,I02_03_1.bmp,4.8387,02,03,1
77,I02.BMP,I02_03_2.bmp,4.0333,02,03,2
78,I02.BMP,I02_03_3.bmp,3.6452,02,03,3
79,I02.BMP,I02_03_4.bmp,3.0938,02,03,4
80,I02.BMP,I02_04_1.bmp,6.1935,02,04,1
81,I02.BMP,I02_04_2.bmp,6.0,02,04,2
82,I02.BMP,I02_04_3.bmp,5.2813,02,04,3
83,I02.BMP,I02_04_4.bmp,4.5484,02,04,4
84,I02.BMP,I02_05_1.bmp,7.0,02,05,1
85,I02.BMP,I02_05_2.bmp,5.8065,02,05,2
86,I02.BMP,I02_05_3.bmp,4.875,02,05,3
87,I02.BMP,I02_05_4.bmp,3.5,02,05,4
88,I02.BMP,I02_06_1.bmp,4.5938,02,06,1
89,I02.BMP,I02_06_2.bmp,4.2188,02,06,2
90,I02.BMP,I02_06_3.bmp,4.0,02,06,3
91,I02.BMP,I02_06_4.bmp,3.5,02,06,4
92,I02.BMP,I02_07_1.bmp,5.7188,02,07,1
93,I02.BMP,I02_07_2.bmp,4.2581,02,07,2
94,I02.BMP,I02_07_3.bmp,3.6452,02,07,3
95,I02.BMP,I02_07_4.bmp,2.9063,02,07,4
96,I02.BMP,I02_08_1.bmp,5.6774,02,08,1
97,I02.BMP,I02_08_2.bmp,4.7097,02,08,2
98,I02.BMP,I02_08_3.bmp,4.0,02,08,3
99,I02.BMP,I02_08_4.bmp,3.125,02,08,4
100,I02.BMP,I02_09_1.bmp,5.6875,02,09,1
101,I02.BMP,I02_09_2.bmp,4.9063,02,09,2
102,I02.BMP,I02_09_3.bmp,3.9032,02,09,3
103,I02.BMP,I02_09_4.bmp,2.2258,02,09,4
104,I02.BMP,I02_10_1.bmp,6.125,02,10,1
105,I02.BMP,I02_10_2.bmp,5.8065,02,10,2
106,I02.BMP,I02_10_3.bmp,3.4375,02,10,3
107,I02.BMP,I02_10_4.bmp,2.5625,02,10,4
108,I02.BMP,I02_11_1.bmp,5.0625,02,11,1
109,I02.BMP,I02_11_2.bmp,2.9355,02,11,2
110,I02.BMP,I02_11_3.bmp,1.2333,02,11,3
111,I02.BMP,I02_11_4.bmp,0.0,02,11,4
112,I02.BMP,I02_12_1.bmp,4.5161,02,12,1
113,I02.BMP,I02_12_2.bmp,3.3226,02,12,2
114,I02.BMP,I02_12_3.bmp,2.8125,02,12,3
115,I02.BMP,I02_12_4.bmp,1.871,02,12,4
116,I02.BMP,I02_13_1.bmp,4.3548,02,13,1
117,I02.BMP,I02_13_2.bmp,3.7333,02,13,2
118,I02.BMP,I02_13_3.bmp,2.7188,02,13,3
119,I02.BMP,I02_13_4.bmp,3.6774,02,13,4
120,I02.BMP,I02_14_1.bmp,6.2581,02,14,1
121,I02.BMP,I02_14_2.bmp,5.5625,02,14,2
122,I02.BMP,I02_14_3.bmp,5.1875,02,14,3
123,I02.BMP,I02_14_4.bmp,4.1563,02,14,4
124,I02.BMP,I02_15_1.bmp,3.25,02,15,1
125,I02.BMP,I02_15_2.bmp,3.6875,02,15,2
126,I02.BMP,I02_15_3.bmp,4.125,02,15,3
127,I02.BMP,I02_15_4.bmp,4.4194,02,15,4
128,I02.BMP,I02_16_1.bmp,6.2813,02,16,1
129,I02.BMP,I02_16_2.bmp,5.5,02,16,2
130,I02.BMP,I02_16_3.bmp,5.4063,02,16,3
131,I02.BMP,I02_16_4.bmp,5.1333,02,16,4
132,I02.BMP,I02_17_1.bmp,6.5313,02,17,1
133,I02.BMP,I02_17_2.bmp,5.2188,02,17,2
134,I02.BMP,I02_17_3.bmp,5.1333,02,17,3
135,I02.BMP,I02_17_4.bmp,4.2188,02,17,4
136,I03.BMP,I03_01_1.bmp,5.5,03,01,1
137,I03.BMP,I03_01_2.bmp,5.0667,03,01,2
138,I03.BMP,I03_01_3.bmp,4.6207,03,01,3
139,I03.BMP,I03_01_4.bmp,4.2414,03,01,4
140,I03.BMP,I03_02_1.bmp,6.3333,03,02,1
141,I03.BMP,I03_02_2.bmp,5.7,03,02,2
142,I03.BMP,I03_02_3.bmp,5.3214,03,02,3
143,I03.BMP,I03_02_4.bmp,4.9655,03,02,4
144,I03.BMP,I03_03_1.bmp,4.3793,03,03,1
145,I03.BMP,I03_03_2.bmp,3.9655,03,03,2
146,I03.BMP,I03_03_3.bmp,3.6,03,03,3
147,I03.BMP,I03_03_4.bmp,3.069,03,03,4
148,I03.BMP,I03_04_1.bmp,6.2333,03,04,1
149,I03.BMP,I03_04_2.bmp,5.4667,03,04,2
150,I03.BMP,I03_04_3.bmp,4.9333,03,04,3
151,I03.BMP,I03_04_4.bmp,4.1429,03,04,4
152,I03.BMP,I03_05_1.bmp,6.3667,03,05,1
153,I03.BMP,I03_05_2.bmp,5.6,03,05,2
154,I03.BMP,I03_05_3.bmp,4.9,03,05,3
155,I03.BMP,I03_05_4.bmp,3.8333,03,05,4
156,I03.BMP,I03_06_1.bmp,4.8966,03,06,1
157,I03.BMP,I03_06_2.bmp,4.5517,03,06,2
158,I03.BMP,I03_06_3.bmp,4.0357,03,06,3
159,I03.BMP,I03_06_4.bmp,3.9,03,06,4
160,I03.BMP,I03_07_1.bmp,4.6897,03,07,1
161,I03.BMP,I03_07_2.bmp,4.0,03,07,2
162,I03.BMP,I03_07_3.bmp,3.8333,03,07,3
163,I03.BMP,I03_07_4.bmp,3.6207,03,07,4
164,I03.BMP,I03_08_1.bmp,5.7931,03,08,1
165,I03.BMP,I03_08_2.bmp,5.2414,03,08,2
166,I03.BMP,I03_08_3.bmp,4.0,03,08,3
167,I03.BMP,I03_08_4.bmp,3.069,03,08,4
168,I03.BMP,I03_09_1.bmp,6.931,03,09,1
169,I03.BMP,I03_09_2.bmp,5.5333,03,09,2
170,I03.BMP,I03_09_3.bmp,4.0345,03,09,3
171,I03.BMP,I03_09_4.bmp,2.1786,03,09,4
172,I03.BMP,I03_10_1.bmp,6.3929,03,10,1
173,I03.BMP,I03_10_2.bmp,5.4138,03,10,2
174,I03.BMP,I03_10_3.bmp,3.1667,03,10,3
175,I03.BMP,I03_10_4.bmp,2.2667,03,10,4
176,I03.BMP,I03_11_1.bmp,4.1379,03,11,1
177,I03.BMP,I03_11_2.bmp,2.8667,03,11,2
178,I03.BMP,I03_11_3.bmp,1.1379,03,11,3
179,I03.BMP,I03_11_4.bmp,0.1667,03,11,4
180,I03.BMP,I03_12_1.bmp,4.3667,03,12,1
181,I03.BMP,I03_12_2.bmp,3.1333,03,12,2
182,I03.BMP,I03_12_3.bmp,3.1333,03,12,3
183,I03.BMP,I03_12_4.bmp,2.3333,03,12,4
184,I03.BMP,I03_13_1.bmp,3.8,03,13,1
185,I03.BMP,I03_13_2.bmp,3.9667,03,13,2
186,I03.BMP,I03_13_3.bmp,3.3448,03,13,3
187,I03.BMP,I03_13_4.bmp,2.4333,03,13,4
188,I03.BMP,I03_14_1.bmp,6.0345,03,14,1
189,I03.BMP,I03_14_2.bmp,5.1,03,14,2
190,I03.BMP,I03_14_3.bmp,4.2069,03,14,3
191,I03.BMP,I03_14_4.bmp,3.2,03,14,4
192,I03.BMP,I03_15_1.bmp,3.069,03,15,1
193,I03.BMP,I03_15_2.bmp,4.2333,03,15,2
194,I03.BMP,I03_15_3.bmp,4.3,03,15,3
195,I03.BMP,I03_15_4.bmp,4.7931,03,15,4
196,I03.BMP,I03_16_1.bmp,6.6,03,16,1
197,I03.BMP,I03_16_2.bmp,6.4333,03,16,2
198,I03.BMP,I03_16_3.bmp,6.4828,03,16,3
199,I03.BMP,I03_16_4.bmp,5.7586,03,16,4
200,I03.BMP,I03_17_1.bmp,7.2,03,17,1
201,I03.BMP,I03_17_2.bmp,5.5333,03,17,2
202,I03.BMP,I03_17_3.bmp,7.0667,03,17,3
203,I03.BMP,I03_17_4.bmp,4.5333,03,17,4
204,I04.BMP,I04_01_1.bmp,5.4286,04,01,1
205,I04.BMP,I04_01_2.bmp,4.9429,04,01,2
206,I04.BMP,I04_01_3.bmp,4.6176,04,01,3
207,I04.BMP,I04_01_4.bmp,4.1429,04,01,4
208,I04.BMP,I04_02_1.bmp,6.2857,04,02,1
209,I04.BMP,I04_02_2.bmp,5.6765,04,02,2
210,I04.BMP,I04_02_3.bmp,5.1471,04,02,3
211,I04.BMP,I04_02_4.bmp,4.6471,04,02,4
212,I04.BMP,I04_03_1.bmp,4.4412,04,03,1
213,I04.BMP,I04_03_2.bmp,3.9143,04,03,2
214,I04.BMP,I04_03_3.bmp,3.3529,04,03,3
215,I04.BMP,I04_03_4.bmp,3.1176,04,03,4
216,I04.BMP,I04_04_1.bmp,6.2,04,04,1
217,I04.BMP,I04_04_2.bmp,6.2424,04,04,2
218,I04.BMP,I04_04_3.bmp,5.6286,04,04,3
219,I04.BMP,I04_04_4.bmp,4.9714,04,04,4
220,I04.BMP,I04_05_1.bmp,6.1176,04,05,1
221,I04.BMP,I04_05_2.bmp,5.3235,04,05,2
222,I04.BMP,I04_05_3.bmp,4.5152,04,05,3
223,I04.BMP,I04_05_4.bmp,4.0588,04,05,4
224,I04.BMP,I04_06_1.bmp,4.7941,04,06,1
225,I04.BMP,I04_06_2.bmp,4.4118,04,06,2
226,I04.BMP,I04_06_3.bmp,4.0286,04,06,3
227,I04.BMP,I04_06_4.bmp,3.7647,04,06,4
228,I04.BMP,I04_07_1.bmp,4.0588,04,07,1
229,I04.BMP,I04_07_2.bmp,3.6765,04,07,2
230,I04.BMP,I04_07_3.bmp,3.1212,04,07,3
231,I04.BMP,I04_07_4.bmp,2.8235,04,07,4
232,I04.BMP,I04_08_1.bmp,6.2121,04,08,1
233,I04.BMP,I04_08_2.bmp,5.5714,04,08,2
234,I04.BMP,I04_08_3.bmp,4.9394,04,08,3
235,I04.BMP,I04_08_4.bmp,3.7059,04,08,4
236,I04.BMP,I04_09_1.bmp,6.1471,04,09,1
237,I04.BMP,I04_09_2.bmp,5.4286,04,09,2
238,I04.BMP,I04_09_3.bmp,4.0588,04,09,3
239,I04.BMP,I04_09_4.bmp,2.6286,04,09,4
240,I04.BMP,I04_10_1.bmp,6.1471,04,10,1
241,I04.BMP,I04_10_2.bmp,5.2857,04,10,2
242,I04.BMP,I04_10_3.bmp,3.1765,04,10,3
243,I04.BMP,I04_10_4.bmp,1.8235,04,10,4
244,I04.BMP,I04_11_1.bmp,3.8182,04,11,1
245,I04.BMP,I04_11_2.bmp,2.8286,04,11,2
246,I04.BMP,I04_11_3.bmp,1.7714,04,11,3
247,I04.BMP,I04_11_4.bmp,0.0606,04,11,4
248,I04.BMP,I04_12_1.bmp,4.8857,04,12,1
249,I04.BMP,I04_12_2.bmp,4.3429,04,12,2
250,I04.BMP,I04_12_3.bmp,3.0286,04,12,3
251,I04.BMP,I04_12_4.bmp,2.5882,04,12,4
252,I04.BMP,I04_13_1.bmp,3.8571,04,13,1
253,I04.BMP,I04_13_2.bmp,3.2857,04,13,2
254,I04.BMP,I04_13_3.bmp,3.7143,04,13,3
255,I04.BMP,I04_13_4.bmp,2.5152,04,13,4
256,I04.BMP,I04_14_1.bmp,6.2941,04,14,1
257,I04.BMP,I04_14_2.bmp,6.1143,04,14,2
258,I04.BMP,I04_14_3.bmp,4.5294,04,14,3
259,I04.BMP,I04_14_4.bmp,3.7647,04,14,4
260,I04.BMP,I04_15_1.bmp,2.4118,04,15,1
261,I04.BMP,I04_15_2.bmp,3.4706,04,15,2
262,I04.BMP,I04_15_3.bmp,4.0857,04,15,3
263,I04.BMP,I04_15_4.bmp,4.5714,04,15,4
264,I04.BMP,I04_16_1.bmp,6.3333,04,16,1
265,I04.BMP,I04_16_2.bmp,6.2571,04,16,2
266,I04.BMP,I04_16_3.bmp,5.6857,04,16,3
267,I04.BMP,I04_16_4.bmp,5.7714,04,16,4
268,I04.BMP,I04_17_1.bmp,7.2059,04,17,1
269,I04.BMP,I04_17_2.bmp,5.1765,04,17,2
270,I04.BMP,I04_17_3.bmp,7.7143,04,17,3
271,I04.BMP,I04_17_4.bmp,4.3235,04,17,4
272,I05.BMP,I05_01_1.bmp,5.8788,05,01,1
273,I05.BMP,I05_01_2.bmp,5.0323,05,01,2
274,I05.BMP,I05_01_3.bmp,4.5152,05,01,3
275,I05.BMP,I05_01_4.bmp,3.8387,05,01,4
276,I05.BMP,I05_02_1.bmp,5.5938,05,02,1
277,I05.BMP,I05_02_2.bmp,5.9697,05,02,2
278,I05.BMP,I05_02_3.bmp,5.2424,05,02,3
279,I05.BMP,I05_02_4.bmp,4.7742,05,02,4
280,I05.BMP,I05_03_1.bmp,4.6061,05,03,1
281,I05.BMP,I05_03_2.bmp,3.8182,05,03,2
282,I05.BMP,I05_03_3.bmp,3.5938,05,03,3
283,I05.BMP,I05_03_4.bmp,2.7813,05,03,4
284,I05.BMP,I05_04_1.bmp,6.0,05,04,1
285,I05.BMP,I05_04_2.bmp,5.625,05,04,2
286,I05.BMP,I05_04_3.bmp,5.4375,05,04,3
287,I05.BMP,I05_04_4.bmp,4.6875,05,04,4
288,I05.BMP,I05_05_1.bmp,6.0606,05,05,1
289,I05.BMP,I05_05_2.bmp,5.3636,05,05,2
290,I05.BMP,I05_05_3.bmp,4.3333,05,05,3
291,I05.BMP,I05_05_4.bmp,3.1563,05,05,4
292,I05.BMP,I05_06_1.bmp,4.3939,05,06,1
293,I05.BMP,I05_06_2.bmp,3.9394,05,06,2
294,I05.BMP,I05_06_3.bmp,3.5938,05,06,3
295,I05.BMP,I05_06_4.bmp,3.0323,05,06,4
296,I05.BMP,I05_07_1.bmp,5.5758,05,07,1
297,I05.BMP,I05_07_2.bmp,4.8182,05,07,2
298,I05.BMP,I05_07_3.bmp,3.7813,05,07,3
299,I05.BMP,I05_07_4.bmp,3.0909,05,07,4
300,I05.BMP,I05_08_1.bmp,4.875,05,08,1
301,I05.BMP,I05_08_2.bmp,3.8485,05,08,2
302,I05.BMP,I05_08_3.bmp,3.1212,05,08,3
303,I05.BMP,I05_08_4.bmp,1.1515,05,08,4
304,I05.BMP,I05_09_1.bmp,6.3125,05,09,1
305,I05.BMP,I05_09_2.bmp,5.4242,05,09,2
306,I05.BMP,I05_09_3.bmp,3.4688,05,09,3
307,I05.BMP,I05_09_4.bmp,1.6667,05,09,4
308,I05.BMP,I05_10_1.bmp,5.5625,05,10,1
309,I05.BMP,I05_10_2.bmp,4.6667,05,10,2
310,I05.BMP,I05_10_3.bmp,3.625,05,10,3
311,I05.BMP,I05_10_4.bmp,1.8182,05,10,4
312,I05.BMP,I05_11_1.bmp,5.697,05,11,1
313,I05.BMP,I05_11_2.bmp,5.0323,05,11,2
314,I05.BMP,I05_11_3.bmp,3.871,05,11,3
315,I05.BMP,I05_11_4.bmp,2.5152,05,11,4
316,I05.BMP,I05_12_1.bmp,6.2121,05,12,1
317,I05.BMP,I05_12_2.bmp,5.375,05,12,2
318,I05.BMP,I05_12_3.bmp,4.1875,05,12,3
319,I05.BMP,I05_12_4.bmp,2.5938,05,12,4
320,I05.BMP,I05_13_1.bmp,5.7188,05,13,1
321,I05.BMP,I05_13_2.bmp,3.9394,05,13,2
322,I05.BMP,I05_13_3.bmp,3.5938,05,13,3
323,I05.BMP,I05_13_4.bmp,2.3438,05,13,4
324,I05.BMP,I05_14_1.bmp,6.1818,05,14,1
325,I05.BMP,I05_14_2.bmp,6.3438,05,14,2
326,I05.BMP,I05_14_3.bmp,5.5455,05,14,3
327,I05.BMP,I05_14_4.bmp,4.6364,05,14,4
328,I05.BMP,I05_15_1.bmp,2.25,05,15,1
329,I05.BMP,I05_15_2.bmp,3.1212,05,15,2
330,I05.BMP,I05_15_3.bmp,3.4242,05,15,3
331,I05.BMP,I05_15_4.bmp,4.0,05,15,4
332,I05.BMP,I05_16_1.bmp,5.7188,05,16,1
333,I05.BMP,I05_16_2.bmp,5.9063,05,16,2
334,I05.BMP,I05_16_3.bmp,5.0,05,16,3
335,I05.BMP,I05_16_4.bmp,5.0938,05,16,4
336,I05.BMP,I05_17_1.bmp,7.0313,05,17,1
337,I05.BMP,I05_17_2.bmp,4.6667,05,17,2
338,I05.BMP,I05_17_3.bmp,6.9394,05,17,3
339,I05.BMP,I05_17_4.bmp,3.4848,05,17,4
340,I06.BMP,I06_01_1.bmp,5.75,06,01,1
341,I06.BMP,I06_01_2.bmp,5.3333,06,01,2
342,I06.BMP,I06_01_3.bmp,4.7838,06,01,3
343,I06.BMP,I06_01_4.bmp,4.1351,06,01,4
344,I06.BMP,I06_02_1.bmp,6.6,06,02,1
345,I06.BMP,I06_02_2.bmp,6.1111,06,02,2
346,I06.BMP,I06_02_3.bmp,5.4167,06,02,3
347,I06.BMP,I06_02_4.bmp,4.9714,06,02,4
348,I06.BMP,I06_03_1.bmp,4.5405,06,03,1
349,I06.BMP,I06_03_2.bmp,3.973,06,03,2
350,I06.BMP,I06_03_3.bmp,3.3889,06,03,3
351,I06.BMP,I06_03_4.bmp,2.7838,06,03,4
352,I06.BMP,I06_04_1.bmp,6.3243,06,04,1
353,I06.BMP,I06_04_2.bmp,5.7143,06,04,2
354,I06.BMP,I06_04_3.bmp,5.3611,06,04,3
355,I06.BMP,I06_04_4.bmp,4.7647,06,04,4
356,I06.BMP,I06_05_1.bmp,6.0811,06,05,1
357,I06.BMP,I06_05_2.bmp,5.4324,06,05,2
358,I06.BMP,I06_05_3.bmp,4.7027,06,05,3
359,I06.BMP,I06_05_4.bmp,3.4857,06,05,4
360,I06.BMP,I06_06_1.bmp,4.8649,06,06,1
361,I06.BMP,I06_06_2.bmp,4.4865,06,06,2
362,I06.BMP,I06_06_3.bmp,4.1389,06,06,3
363,I06.BMP,I06_06_4.bmp,3.5556,06,06,4
364,I06.BMP,I06_07_1.bmp,5.1944,06,07,1
365,I06.BMP,I06_07_2.bmp,4.6944,06,07,2
366,I06.BMP,I06_07_3.bmp,3.2286,06,07,3
367,I06.BMP,I06_07_4.bmp,3.0833,06,07,4
368,I06.BMP,I06_08_1.bmp,4.8889,06,08,1
369,I06.BMP,I06_08_2.bmp,4.1389,06,08,2
370,I06.BMP,I06_08_3.bmp,3.1944,06,08,3
371,I06.BMP,I06_08_4.bmp,2.1622,06,08,4
372,I06.BMP,I06_09_1.bmp,6.3333,06,09,1
373,I06.BMP,I06_09_2.bmp,5.1111,06,09,2
374,I06.BMP,I06_09_3.bmp,3.3243,06,09,3
375,I06.BMP,I06_09_4.bmp,1.4571,06,09,4
376,I06.BMP,I06_10_1.bmp,6.1081,06,10,1
377,I06.BMP,I06_10_2.bmp,5.2703,06,10,2
378,I06.BMP,I06_10_3.bmp,3.3333,06,10,3
379,I06.BMP,I06_10_4.bmp,1.5135,06,10,4
380,I06.BMP,I06_11_1.bmp,5.7838,06,11,1
381,I06.BMP,I06_11_2.bmp,5.1111,06,11,2
382,I06.BMP,I06_11_3.bmp,3.1111,06,11,3
383,I06.BMP,I06_11_4.bmp,0.1429,06,11,4
384,I06.BMP,I06_12_1.bmp,4.5556,06,12,1
385,I06.BMP,I06_12_2.bmp,4.1389,06,12,2
386,I06.BMP,I06_12_3.bmp,3.6667,06,12,3
387,I06.BMP,I06_12_4.bmp,4.1622,06,12,4
388,I06.BMP,I06_13_1.bmp,5.1892,06,13,1
389,I06.BMP,I06_13_2.bmp,4.4444,06,13,2
390,I06.BMP,I06_13_3.bmp,3.4444,06,13,3
391,I06.BMP,I06_13_4.bmp,2.6389,06,13,4
392,I06.BMP,I06_14_1.bmp,6.3784,06,14,1
393,I06.BMP,I06_14_2.bmp,5.1351,06,14,2
394,I06.BMP,I06_14_3.bmp,4.5,06,14,3
395,I06.BMP,I06_14_4.bmp,4.25,06,14,4
396,I06.BMP,I06_15_1.bmp,2.5556,06,15,1
397,I06.BMP,I06_15_2.bmp,3.25,06,15,2
398,I06.BMP,I06_15_3.bmp,4.0278,06,15,3
399,I06.BMP,I06_15_4.bmp,4.4324,06,15,4
400,I06.BMP,I06_16_1.bmp,6.8333,06,16,1
401,I06.BMP,I06_16_2.bmp,5.6111,06,16,2
402,I06.BMP,I06_16_3.bmp,5.8108,06,16,3
403,I06.BMP,I06_16_4.bmp,4.9459,06,16,4
404,I06.BMP,I06_17_1.bmp,6.5405,06,17,1
405,I06.BMP,I06_17_2.bmp,4.6111,06,17,2
406,I06.BMP,I06_17_3.bmp,6.0,06,17,3
407,I06.BMP,I06_17_4.bmp,3.7143,06,17,4
408,I07.BMP,I07_01_1.bmp,5.5455,07,01,1
409,I07.BMP,I07_01_2.bmp,4.9091,07,01,2
410,I07.BMP,I07_01_3.bmp,4.8182,07,01,3
411,I07.BMP,I07_01_4.bmp,4.0,07,01,4
412,I07.BMP,I07_02_1.bmp,6.0909,07,02,1
413,I07.BMP,I07_02_2.bmp,6.0,07,02,2
414,I07.BMP,I07_02_3.bmp,5.3333,07,02,3
415,I07.BMP,I07_02_4.bmp,5.0588,07,02,4
416,I07.BMP,I07_03_1.bmp,4.6563,07,03,1
417,I07.BMP,I07_03_2.bmp,4.0882,07,03,2
418,I07.BMP,I07_03_3.bmp,3.3824,07,03,3
419,I07.BMP,I07_03_4.bmp,2.8235,07,03,4
420,I07.BMP,I07_04_1.bmp,6.2727,07,04,1
421,I07.BMP,I07_04_2.bmp,5.7273,07,04,2
422,I07.BMP,I07_04_3.bmp,5.4516,07,04,3
423,I07.BMP,I07_04_4.bmp,4.5,07,04,4
424,I07.BMP,I07_05_1.bmp,6.4516,07,05,1
425,I07.BMP,I07_05_2.bmp,5.7879,07,05,2
426,I07.BMP,I07_05_3.bmp,4.8125,07,05,3
427,I07.BMP,I07_05_4.bmp,3.7353,07,05,4
428,I07.BMP,I07_06_1.bmp,4.8788,07,06,1
429,I07.BMP,I07_06_2.bmp,4.8182,07,06,2
430,I07.BMP,I07_06_3.bmp,4.1515,07,06,3
431,I07.BMP,I07_06_4.bmp,3.7353,07,06,4
432,I07.BMP,I07_07_1.bmp,5.3636,07,07,1
433,I07.BMP,I07_07_2.bmp,4.2059,07,07,2
434,I07.BMP,I07_07_3.bmp,3.6667,07,07,3
435,I07.BMP,I07_07_4.bmp,2.7353,07,07,4
436,I07.BMP,I07_08_1.bmp,5.7576,07,08,1
437,I07.BMP,I07_08_2.bmp,4.6765,07,08,2
438,I07.BMP,I07_08_3.bmp,3.6471,07,08,3
439,I07.BMP,I07_08_4.bmp,2.6667,07,08,4
440,I07.BMP,I07_09_1.bmp,6.2353,07,09,1
441,I07.BMP,I07_09_2.bmp,5.5,07,09,2
442,I07.BMP,I07_09_3.bmp,3.9688,07,09,3
443,I07.BMP,I07_09_4.bmp,2.4118,07,09,4
444,I07.BMP,I07_10_1.bmp,6.1765,07,10,1
445,I07.BMP,I07_10_2.bmp,5.0,07,10,2
446,I07.BMP,I07_10_3.bmp,3.6471,07,10,3
447,I07.BMP,I07_10_4.bmp,2.2424,07,10,4
448,I07.BMP,I07_11_1.bmp,4.8235,07,11,1
449,I07.BMP,I07_11_2.bmp,3.5938,07,11,2
450,I07.BMP,I07_11_3.bmp,2.0,07,11,3
451,I07.BMP,I07_11_4.bmp,0.3125,07,11,4
452,I07.BMP,I07_12_1.bmp,4.4848,07,12,1
453,I07.BMP,I07_12_2.bmp,3.7353,07,12,2
454,I07.BMP,I07_12_3.bmp,2.8824,07,12,3
455,I07.BMP,I07_12_4.bmp,2.3235,07,12,4
456,I07.BMP,I07_13_1.bmp,4.2059,07,13,1
457,I07.BMP,I07_13_2.bmp,3.697,07,13,2
458,I07.BMP,I07_13_3.bmp,2.6667,07,13,3
459,I07.BMP,I07_13_4.bmp,2.5,07,13,4
460,I07.BMP,I07_14_1.bmp,6.3636,07,14,1
461,I07.BMP,I07_14_2.bmp,5.9412,07,14,2
462,I07.BMP,I07_14_3.bmp,5.3636,07,14,3
463,I07.BMP,I07_14_4.bmp,4.1212,07,14,4
464,I07.BMP,I07_15_1.bmp,3.2188,07,15,1
465,I07.BMP,I07_15_2.bmp,3.4848,07,15,2
466,I07.BMP,I07_15_3.bmp,3.6875,07,15,3
467,I07.BMP,I07_15_4.bmp,4.2121,07,15,4
468,I07.BMP,I07_16_1.bmp,6.6061,07,16,1
469,I07.BMP,I07_16_2.bmp,6.3636,07,16,2
470,I07.BMP,I07_16_3.bmp,5.697,07,16,3
471,I07.BMP,I07_16_4.bmp,5.3939,07,16,4
472,I07.BMP,I07_17_1.bmp,6.75,07,17,1
473,I07.BMP,I07_17_2.bmp,5.0303,07,17,2
474,I07.BMP,I07_17_3.bmp,6.5882,07,17,3
475,I07.BMP,I07_17_4.bmp,4.0303,07,17,4
476,I08.BMP,I08_01_1.bmp,5.6875,08,01,1
477,I08.BMP,I08_01_2.bmp,5.0,08,01,2
478,I08.BMP,I08_01_3.bmp,4.3226,08,01,3
479,I08.BMP,I08_01_4.bmp,4.1613,08,01,4
480,I08.BMP,I08_02_1.bmp,6.2188,08,02,1
481,I08.BMP,I08_02_2.bmp,5.7333,08,02,2
482,I08.BMP,I08_02_3.bmp,5.4667,08,02,3
483,I08.BMP,I08_02_4.bmp,5.2,08,02,4
484,I08.BMP,I08_03_1.bmp,4.8125,08,03,1
485,I08.BMP,I08_03_2.bmp,4.0323,08,03,2
486,I08.BMP,I08_03_3.bmp,3.4375,08,03,3
487,I08.BMP,I08_03_4.bmp,2.8387,08,03,4
488,I08.BMP,I08_04_1.bmp,5.875,08,04,1
489,I08.BMP,I08_04_2.bmp,6.0323,08,04,2
490,I08.BMP,I08_04_3.bmp,5.5,08,04,3
491,I08.BMP,I08_04_4.bmp,5.1613,08,04,4
492,I08.BMP,I08_05_1.bmp,5.9063,08,05,1
493,I08.BMP,I08_05_2.bmp,5.7742,08,05,2
494,I08.BMP,I08_05_3.bmp,4.5806,08,05,3
495,I08.BMP,I08_05_4.bmp,3.6129,08,05,4
496,I08.BMP,I08_06_1.bmp,4.4839,08,06,1
497,I08.BMP,I08_06_2.bmp,4.3125,08,06,2
498,I08.BMP,I08_06_3.bmp,3.875,08,06,3
499,I08.BMP,I08_06_4.bmp,3.4194,08,06,4
500,I08.BMP,I08_07_1.bmp,5.1563,08,07,1
501,I08.BMP,I08_07_2.bmp,4.5313,08,07,2
502,I08.BMP,I08_07_3.bmp,3.5484,08,07,3
503,I08.BMP,I08_07_4.bmp,2.5484,08,07,4
504,I08.BMP,I08_08_1.bmp,5.129,08,08,1
505,I08.BMP,I08_08_2.bmp,3.9355,08,08,2
506,I08.BMP,I08_08_3.bmp,3.0645,08,08,3
507,I08.BMP,I08_08_4.bmp,1.9063,08,08,4
508,I08.BMP,I08_09_1.bmp,6.0625,08,09,1
509,I08.BMP,I08_09_2.bmp,5.2667,08,09,2
510,I08.BMP,I08_09_3.bmp,4.0,08,09,3
511,I08.BMP,I08_09_4.bmp,1.9688,08,09,4
512,I08.BMP,I08_10_1.bmp,6.0625,08,10,1
513,I08.BMP,I08_10_2.bmp,5.0,08,10,2
514,I08.BMP,I08_10_3.bmp,3.3226,08,10,3
515,I08.BMP,I08_10_4.bmp,1.0938,08,10,4
516,I08.BMP,I08_11_1.bmp,5.4194,08,11,1
517,I08.BMP,I08_11_2.bmp,4.9677,08,11,2
518,I08.BMP,I08_11_3.bmp,4.3226,08,11,3
519,I08.BMP,I08_11_4.bmp,2.4194,08,11,4
520,I08.BMP,I08_12_1.bmp,5.9032,08,12,1
521,I08.BMP,I08_12_2.bmp,5.5667,08,12,2
522,I08.BMP,I08_12_3.bmp,4.4688,08,12,3
523,I08.BMP,I08_12_4.bmp,3.7097,08,12,4
524,I08.BMP,I08_13_1.bmp,3.625,08,13,1
525,I08.BMP,I08_13_2.bmp,4.5806,08,13,2
526,I08.BMP,I08_13_3.bmp,3.3125,08,13,3
527,I08.BMP,I08_13_4.bmp,2.4516,08,13,4
528,I08.BMP,I08_14_1.bmp,6.0968,08,14,1
529,I08.BMP,I08_14_2.bmp,5.5806,08,14,2
530,I08.BMP,I08_14_3.bmp,4.75,08,14,3
531,I08.BMP,I08_14_4.bmp,3.5313,08,14,4
532,I08.BMP,I08_15_1.bmp,2.4516,08,15,1
533,I08.BMP,I08_15_2.bmp,3.25,08,15,2
534,I08.BMP,I08_15_3.bmp,4.0,08,15,3
535,I08.BMP,I08_15_4.bmp,3.8438,08,15,4
536,I08.BMP,I08_16_1.bmp,6.2258,08,16,1
537,I08.BMP,I08_16_2.bmp,5.7813,08,16,2
538,I08.BMP,I08_16_3.bmp,5.7188,08,16,3
539,I08.BMP,I08_16_4.bmp,5.0,08,16,4
540,I08.BMP,I08_17_1.bmp,5.8065,08,17,1
541,I08.BMP,I08_17_2.bmp,4.9063,08,17,2
542,I08.BMP,I08_17_3.bmp,5.3125,08,17,3
543,I08.BMP,I08_17_4.bmp,3.871,08,17,4
544,I09.BMP,I09_01_1.bmp,5.2424,09,01,1
545,I09.BMP,I09_01_2.bmp,5.0882,09,01,2
546,I09.BMP,I09_01_3.bmp,4.8125,09,01,3
547,I09.BMP,I09_01_4.bmp,4.1818,09,01,4
548,I09.BMP,I09_02_1.bmp,6.2059,09,02,1
549,I09.BMP,I09_02_2.bmp,5.8182,09,02,2
550,I09.BMP,I09_02_3.bmp,5.4706,09,02,3
551,I09.BMP,I09_02_4.bmp,4.8235,09,02,4
552,I09.BMP,I09_03_1.bmp,4.4412,09,03,1
553,I09.BMP,I09_03_2.bmp,4.1765,09,03,2
554,I09.BMP,I09_03_3.bmp,3.6176,09,03,3
555,I09.BMP,I09_03_4.bmp,3.303,09,03,4
556,I09.BMP,I09_04_1.bmp,5.9706,09,04,1
557,I09.BMP,I09_04_2.bmp,5.4412,09,04,2
558,I09.BMP,I09_04_3.bmp,5.0303,09,04,3
559,I09.BMP,I09_04_4.bmp,4.4412,09,04,4
560,I09.BMP,I09_05_1.bmp,6.2727,09,05,1
561,I09.BMP,I09_05_2.bmp,5.3235,09,05,2
562,I09.BMP,I09_05_3.bmp,4.6176,09,05,3
563,I09.BMP,I09_05_4.bmp,3.7647,09,05,4
564,I09.BMP,I09_06_1.bmp,4.9412,09,06,1
565,I09.BMP,I09_06_2.bmp,4.6765,09,06,2
566,I09.BMP,I09_06_3.bmp,4.1176,09,06,3
567,I09.BMP,I09_06_4.bmp,3.7353,09,06,4
568,I09.BMP,I09_07_1.bmp,4.9394,09,07,1
569,I09.BMP,I09_07_2.bmp,4.5294,09,07,2
570,I09.BMP,I09_07_3.bmp,4.0,09,07,3
571,I09.BMP,I09_07_4.bmp,3.0313,09,07,4
572,I09.BMP,I09_08_1.bmp,5.5455,09,08,1
573,I09.BMP,I09_08_2.bmp,4.6364,09,08,2
574,I09.BMP,I09_08_3.bmp,3.6061,09,08,3
575,I09.BMP,I09_08_4.bmp,2.1471,09,08,4
576,I09.BMP,I09_09_1.bmp,6.3333,09,09,1
577,I09.BMP,I09_09_2.bmp,5.375,09,09,2
578,I09.BMP,I09_09_3.bmp,3.8235,09,09,3
579,I09.BMP,I09_09_4.bmp,2.3824,09,09,4
580,I09.BMP,I09_10_1.bmp,5.9375,09,10,1
581,I09.BMP,I09_10_2.bmp,5.1471,09,10,2
582,I09.BMP,I09_10_3.bmp,3.3235,09,10,3
583,I09.BMP,I09_10_4.bmp,2.0294,09,10,4
584,I09.BMP,I09_11_1.bmp,5.0882,09,11,1
585,I09.BMP,I09_11_2.bmp,3.7059,09,11,2
586,I09.BMP,I09_11_3.bmp,2.1818,09,11,3
587,I09.BMP,I09_11_4.bmp,0.0,09,11,4
588,I09.BMP,I09_12_1.bmp,6.4545,09,12,1
589,I09.BMP,I09_12_2.bmp,4.5588,09,12,2
590,I09.BMP,I09_12_3.bmp,2.6471,09,12,3
591,I09.BMP,I09_12_4.bmp,2.3333,09,12,4
592,I09.BMP,I09_13_1.bmp,4.0909,09,13,1
593,I09.BMP,I09_13_2.bmp,3.5938,09,13,2
594,I09.BMP,I09_13_3.bmp,3.0588,09,13,3
595,I09.BMP,I09_13_4.bmp,3.2059,09,13,4
596,I09.BMP,I09_14_1.bmp,6.2647,09,14,1
597,I09.BMP,I09_14_2.bmp,6.5,09,14,2
598,I09.BMP,I09_14_3.bmp,4.7059,09,14,3
599,I09.BMP,I09_14_4.bmp,3.4688,09,14,4
600,I09.BMP,I09_15_1.bmp,2.3529,09,15,1
601,I09.BMP,I09_15_2.bmp,3.2353,09,15,2
602,I09.BMP,I09_15_3.bmp,3.6176,09,15,3
603,I09.BMP,I09_15_4.bmp,4.6667,09,15,4
604,I09.BMP,I09_16_1.bmp,6.5882,09,16,1
605,I09.BMP,I09_16_2.bmp,6.0588,09,16,2
606,I09.BMP,I09_16_3.bmp,6.2647,09,16,3
607,I09.BMP,I09_16_4.bmp,5.4118,09,16,4
608,I09.BMP,I09_17_1.bmp,6.8788,09,17,1
609,I09.BMP,I09_17_2.bmp,5.3824,09,17,2
610,I09.BMP,I09_17_3.bmp,7.0294,09,17,3
611,I09.BMP,I09_17_4.bmp,4.0606,09,17,4
612,I10.BMP,I10_01_1.bmp,5.7,10,01,1
613,I10.BMP,I10_01_2.bmp,5.0968,10,01,2
614,I10.BMP,I10_01_3.bmp,4.8333,10,01,3
615,I10.BMP,I10_01_4.bmp,4.0645,10,01,4
616,I10.BMP,I10_02_1.bmp,6.3333,10,02,1
617,I10.BMP,I10_02_2.bmp,5.9667,10,02,2
618,I10.BMP,I10_02_3.bmp,5.3333,10,02,3
619,I10.BMP,I10_02_4.bmp,4.9333,10,02,4
620,I10.BMP,I10_03_1.bmp,4.5,10,03,1
621,I10.BMP,I10_03_2.bmp,4.1034,10,03,2
622,I10.BMP,I10_03_3.bmp,3.6452,10,03,3
623,I10.BMP,I10_03_4.bmp,3.129,10,03,4
624,I10.BMP,I10_04_1.bmp,5.7742,10,04,1
625,I10.BMP,I10_04_2.bmp,5.8065,10,04,2
626,I10.BMP,I10_04_3.bmp,5.1613,10,04,3
627,I10.BMP,I10_04_4.bmp,4.8966,10,04,4
628,I10.BMP,I10_05_1.bmp,6.2903,10,05,1
629,I10.BMP,I10_05_2.bmp,5.5806,10,05,2
630,I10.BMP,I10_05_3.bmp,4.7667,10,05,3
631,I10.BMP,I10_05_4.bmp,3.8,10,05,4
632,I10.BMP,I10_06_1.bmp,5.3,10,06,1
633,I10.BMP,I10_06_2.bmp,4.7742,10,06,2
634,I10.BMP,I10_06_3.bmp,4.4667,10,06,3
635,I10.BMP,I10_06_4.bmp,3.8333,10,06,4
636,I10.BMP,I10_07_1.bmp,4.6552,10,07,1
637,I10.BMP,I10_07_2.bmp,4.0,10,07,2
638,I10.BMP,I10_07_3.bmp,3.6207,10,07,3
639,I10.BMP,I10_07_4.bmp,3.2,10,07,4
640,I10.BMP,I10_08_1.bmp,5.3,10,08,1
641,I10.BMP,I10_08_2.bmp,4.4483,10,08,2
642,I10.BMP,I10_08_3.bmp,3.5161,10,08,3
643,I10.BMP,I10_08_4.bmp,2.5161,10,08,4
644,I10.BMP,I10_09_1.bmp,6.1935,10,09,1
645,I10.BMP,I10_09_2.bmp,5.0333,10,09,2
646,I10.BMP,I10_09_3.bmp,3.5484,10,09,3
647,I10.BMP,I10_09_4.bmp,2.1613,10,09,4
648,I10.BMP,I10_10_1.bmp,6.1034,10,10,1
649,I10.BMP,I10_10_2.bmp,5.2414,10,10,2
650,I10.BMP,I10_10_3.bmp,3.1613,10,10,3
651,I10.BMP,I10_10_4.bmp,2.1935,10,10,4
652,I10.BMP,I10_11_1.bmp,4.8065,10,11,1
653,I10.BMP,I10_11_2.bmp,3.3,10,11,2
654,I10.BMP,I10_11_3.bmp,1.6,10,11,3
655,I10.BMP,I10_11_4.bmp,0.069,10,11,4
656,I10.BMP,I10_12_1.bmp,5.7,10,12,1
657,I10.BMP,I10_12_2.bmp,5.0,10,12,2
658,I10.BMP,I10_12_3.bmp,4.1667,10,12,3
659,I10.BMP,I10_12_4.bmp,2.6333,10,12,4
660,I10.BMP,I10_13_1.bmp,4.2903,10,13,1
661,I10.BMP,I10_13_2.bmp,3.6129,10,13,2
662,I10.BMP,I10_13_3.bmp,2.9667,10,13,3
663,I10.BMP,I10_13_4.bmp,3.0333,10,13,4
664,I10.BMP,I10_14_1.bmp,6.1,10,14,1
665,I10.BMP,I10_14_2.bmp,5.4667,10,14,2
666,I10.BMP,I10_14_3.bmp,4.1724,10,14,3
667,I10.BMP,I10_14_4.bmp,3.9667,10,14,4
668,I10.BMP,I10_15_1.bmp,2.7241,10,15,1
669,I10.BMP,I10_15_2.bmp,3.2667,10,15,2
670,I10.BMP,I10_15_3.bmp,3.5484,10,15,3
671,I10.BMP,I10_15_4.bmp,3.9677,10,15,4
672,I10.BMP,I10_16_1.bmp,6.5161,10,16,1
673,I10.BMP,I10_16_2.bmp,6.1,10,16,2
674,I10.BMP,I10_16_3.bmp,5.871,10,16,3
675,I10.BMP,I10_16_4.bmp,5.3333,10,16,4
676,I10.BMP,I10_17_1.bmp,6.9032,10,17,1
677,I10.BMP,I10_17_2.bmp,5.2,10,17,2
678,I10.BMP,I10_17_3.bmp,6.4194,10,17,3
679,I10.BMP,I10_17_4.bmp,4.2414,10,17,4
680,I11.BMP,I11_01_1.bmp,6.0313,11,01,1
681,I11.BMP,I11_01_2.bmp,5.2727,11,01,2
682,I11.BMP,I11_01_3.bmp,4.5484,11,01,3
683,I11.BMP,I11_01_4.bmp,4.0303,11,01,4
684,I11.BMP,I11_02_1.bmp,6.1875,11,02,1
685,I11.BMP,I11_02_2.bmp,5.8438,11,02,2
686,I11.BMP,I11_02_3.bmp,5.3939,11,02,3
687,I11.BMP,I11_02_4.bmp,5.1563,11,02,4
688,I11.BMP,I11_03_1.bmp,4.7576,11,03,1
689,I11.BMP,I11_03_2.bmp,4.0625,11,03,2
690,I11.BMP,I11_03_3.bmp,3.3438,11,03,3
691,I11.BMP,I11_03_4.bmp,2.9394,11,03,4
692,I11.BMP,I11_04_1.bmp,6.4242,11,04,1
693,I11.BMP,I11_04_2.bmp,6.1212,11,04,2
694,I11.BMP,I11_04_3.bmp,5.5758,11,04,3
695,I11.BMP,I11_04_4.bmp,4.8788,11,04,4
696,I11.BMP,I11_05_1.bmp,6.2121,11,05,1
697,I11.BMP,I11_05_2.bmp,5.5484,11,05,2
698,I11.BMP,I11_05_3.bmp,4.6061,11,05,3
699,I11.BMP,I11_05_4.bmp,3.5455,11,05,4
700,I11.BMP,I11_06_1.bmp,4.75,11,06,1
701,I11.BMP,I11_06_2.bmp,4.3548,11,06,2
702,I11.BMP,I11_06_3.bmp,3.9697,11,06,3
703,I11.BMP,I11_06_4.bmp,3.3438,11,06,4
704,I11.BMP,I11_07_1.bmp,5.2581,11,07,1
705,I11.BMP,I11_07_2.bmp,4.75,11,07,2
706,I11.BMP,I11_07_3.bmp,3.7419,11,07,3
707,I11.BMP,I11_07_4.bmp,2.8182,11,07,4
708,I11.BMP,I11_08_1.bmp,4.75,11,08,1
709,I11.BMP,I11_08_2.bmp,4.2727,11,08,2
710,I11.BMP,I11_08_3.bmp,3.3636,11,08,3
711,I11.BMP,I11_08_4.bmp,2.2121,11,08,4
712,I11.BMP,I11_09_1.bmp,5.5758,11,09,1
713,I11.BMP,I11_09_2.bmp,4.697,11,09,2
714,I11.BMP,I11_09_3.bmp,3.3226,11,09,3
715,I11.BMP,I11_09_4.bmp,1.8485,11,09,4
716,I11.BMP,I11_10_1.bmp,6.2424,11,10,1
717,I11.BMP,I11_10_2.bmp,5.6563,11,10,2
718,I11.BMP,I11_10_3.bmp,3.6875,11,10,3
719,I11.BMP,I11_10_4.bmp,1.9063,11,10,4
720,I11.BMP,I11_11_1.bmp,5.5313,11,11,1
721,I11.BMP,I11_11_2.bmp,4.6563,11,11,2
722,I11.BMP,I11_11_3.bmp,2.7879,11,11,3
723,I11.BMP,I11_11_4.bmp,0.0938,11,11,4
724,I11.BMP,I11_12_1.bmp,5.8125,11,12,1
725,I11.BMP,I11_12_2.bmp,4.5625,11,12,2
726,I11.BMP,I11_12_3.bmp,3.9697,11,12,3
727,I11.BMP,I11_12_4.bmp,2.0909,11,12,4
728,I11.BMP,I11_13_1.bmp,4.3939,11,13,1
729,I11.BMP,I11_13_2.bmp,3.625,11,13,2
730,I11.BMP,I11_13_3.bmp,3.0,11,13,3
731,I11.BMP,I11_13_4.bmp,2.5484,11,13,4
732,I11.BMP,I11_14_1.bmp,6.3333,11,14,1
733,I11.BMP,I11_14_2.bmp,5.697,11,14,2
734,I11.BMP,I11_14_3.bmp,4.9,11,14,3
735,I11.BMP,I11_14_4.bmp,4.1212,11,14,4
736,I11.BMP,I11_15_1.bmp,2.8125,11,15,1
737,I11.BMP,I11_15_2.bmp,3.6875,11,15,2
738,I11.BMP,I11_15_3.bmp,4.2727,11,15,3
739,I11.BMP,I11_15_4.bmp,4.2258,11,15,4
740,I11.BMP,I11_16_1.bmp,6.1818,11,16,1
741,I11.BMP,I11_16_2.bmp,5.7879,11,16,2
742,I11.BMP,I11_16_3.bmp,5.1563,11,16,3
743,I11.BMP,I11_16_4.bmp,4.9394,11,16,4
744,I11.BMP,I11_17_1.bmp,6.8788,11,17,1
745,I11.BMP,I11_17_2.bmp,4.6667,11,17,2
746,I11.BMP,I11_17_3.bmp,7.1563,11,17,3
747,I11.BMP,I11_17_4.bmp,3.8485,11,17,4
748,I12.BMP,I12_01_1.bmp,5.8182,12,01,1
749,I12.BMP,I12_01_2.bmp,5.2353,12,01,2
750,I12.BMP,I12_01_3.bmp,4.6176,12,01,3
751,I12.BMP,I12_01_4.bmp,4.1176,12,01,4
752,I12.BMP,I12_02_1.bmp,6.1818,12,02,1
753,I12.BMP,I12_02_2.bmp,5.8788,12,02,2
754,I12.BMP,I12_02_3.bmp,5.3824,12,02,3
755,I12.BMP,I12_02_4.bmp,5.1563,12,02,4
756,I12.BMP,I12_03_1.bmp,4.5758,12,03,1
757,I12.BMP,I12_03_2.bmp,3.9412,12,03,2
758,I12.BMP,I12_03_3.bmp,3.4118,12,03,3
759,I12.BMP,I12_03_4.bmp,3.0,12,03,4
760,I12.BMP,I12_04_1.bmp,5.9091,12,04,1
761,I12.BMP,I12_04_2.bmp,5.5294,12,04,2
762,I12.BMP,I12_04_3.bmp,4.9394,12,04,3
763,I12.BMP,I12_04_4.bmp,4.0313,12,04,4
764,I12.BMP,I12_05_1.bmp,6.3333,12,05,1
765,I12.BMP,I12_05_2.bmp,5.3939,12,05,2
766,I12.BMP,I12_05_3.bmp,4.6471,12,05,3
767,I12.BMP,I12_05_4.bmp,3.8485,12,05,4
768,I12.BMP,I12_06_1.bmp,5.3235,12,06,1
769,I12.BMP,I12_06_2.bmp,5.0303,12,06,2
770,I12.BMP,I12_06_3.bmp,4.5758,12,06,3
771,I12.BMP,I12_06_4.bmp,3.9394,12,06,4
772,I12.BMP,I12_07_1.bmp,4.6667,12,07,1
773,I12.BMP,I12_07_2.bmp,3.9688,12,07,2
774,I12.BMP,I12_07_3.bmp,3.1471,12,07,3
775,I12.BMP,I12_07_4.bmp,3.2647,12,07,4
776,I12.BMP,I12_08_1.bmp,5.6364,12,08,1
777,I12.BMP,I12_08_2.bmp,4.6471,12,08,2
778,I12.BMP,I12_08_3.bmp,3.6176,12,08,3
779,I12.BMP,I12_08_4.bmp,2.6471,12,08,4
780,I12.BMP,I12_09_1.bmp,5.6364,12,09,1
781,I12.BMP,I12_09_2.bmp,4.9706,12,09,2
782,I12.BMP,I12_09_3.bmp,3.2121,12,09,3
783,I12.BMP,I12_09_4.bmp,2.2647,12,09,4
784,I12.BMP,I12_10_1.bmp,6.0606,12,10,1
785,I12.BMP,I12_10_2.bmp,5.2353,12,10,2
786,I12.BMP,I12_10_3.bmp,2.9697,12,10,3
787,I12.BMP,I12_10_4.bmp,1.8485,12,10,4
788,I12.BMP,I12_11_1.bmp,4.8125,12,11,1
789,I12.BMP,I12_11_2.bmp,2.7813,12,11,2
790,I12.BMP,I12_11_3.bmp,1.2727,12,11,3
791,I12.BMP,I12_11_4.bmp,0.0909,12,11,4
792,I12.BMP,I12_12_1.bmp,5.3824,12,12,1
793,I12.BMP,I12_12_2.bmp,3.5588,12,12,2
794,I12.BMP,I12_12_3.bmp,3.1471,12,12,3
795,I12.BMP,I12_12_4.bmp,3.2059,12,12,4
796,I12.BMP,I12_13_1.bmp,4.8788,12,13,1
797,I12.BMP,I12_13_2.bmp,3.6061,12,13,2
798,I12.BMP,I12_13_3.bmp,2.9091,12,13,3
799,I12.BMP,I12_13_4.bmp,4.4706,12,13,4
800,I12.BMP,I12_14_1.bmp,6.5294,12,14,1
801,I12.BMP,I12_14_2.bmp,4.5758,12,14,2
802,I12.BMP,I12_14_3.bmp,4.4242,12,14,3
803,I12.BMP,I12_14_4.bmp,3.6364,12,14,4
804,I12.BMP,I12_15_1.bmp,3.0625,12,15,1
805,I12.BMP,I12_15_2.bmp,3.7059,12,15,2
806,I12.BMP,I12_15_3.bmp,4.2353,12,15,3
807,I12.BMP,I12_15_4.bmp,4.4242,12,15,4
808,I12.BMP,I12_16_1.bmp,6.697,12,16,1
809,I12.BMP,I12_16_2.bmp,6.5758,12,16,2
810,I12.BMP,I12_16_3.bmp,6.4706,12,16,3
811,I12.BMP,I12_16_4.bmp,5.7941,12,16,4
812,I12.BMP,I12_17_1.bmp,6.9706,12,17,1
813,I12.BMP,I12_17_2.bmp,5.697,12,17,2
814,I12.BMP,I12_17_3.bmp,6.7941,12,17,3
815,I12.BMP,I12_17_4.bmp,4.4848,12,17,4
816,I13.BMP,I13_01_1.bmp,5.9394,13,01,1
817,I13.BMP,I13_01_2.bmp,5.5152,13,01,2
818,I13.BMP,I13_01_3.bmp,5.1515,13,01,3
819,I13.BMP,I13_01_4.bmp,4.2727,13,01,4
820,I13.BMP,I13_02_1.bmp,5.5758,13,02,1
821,I13.BMP,I13_02_2.bmp,6.0,13,02,2
822,I13.BMP,I13_02_3.bmp,5.7273,13,02,3
823,I13.BMP,I13_02_4.bmp,5.0625,13,02,4
824,I13.BMP,I13_03_1.bmp,5.1212,13,03,1
825,I13.BMP,I13_03_2.bmp,4.6061,13,03,2
826,I13.BMP,I13_03_3.bmp,3.8235,13,03,3
827,I13.BMP,I13_03_4.bmp,3.0909,13,03,4
828,I13.BMP,I13_04_1.bmp,5.9706,13,04,1
829,I13.BMP,I13_04_2.bmp,5.7576,13,04,2
830,I13.BMP,I13_04_3.bmp,5.4848,13,04,3
831,I13.BMP,I13_04_4.bmp,5.0938,13,04,4
832,I13.BMP,I13_05_1.bmp,5.7647,13,05,1
833,I13.BMP,I13_05_2.bmp,5.2941,13,05,2
834,I13.BMP,I13_05_3.bmp,4.6061,13,05,3
835,I13.BMP,I13_05_4.bmp,3.5455,13,05,4
836,I13.BMP,I13_06_1.bmp,4.4118,13,06,1
837,I13.BMP,I13_06_2.bmp,4.1176,13,06,2
838,I13.BMP,I13_06_3.bmp,3.7419,13,06,3
839,I13.BMP,I13_06_4.bmp,3.2188,13,06,4
840,I13.BMP,I13_07_1.bmp,5.4706,13,07,1
841,I13.BMP,I13_07_2.bmp,4.8485,13,07,2
842,I13.BMP,I13_07_3.bmp,3.3125,13,07,3
843,I13.BMP,I13_07_4.bmp,2.6765,13,07,4
844,I13.BMP,I13_08_1.bmp,4.0909,13,08,1
845,I13.BMP,I13_08_2.bmp,3.5152,13,08,2
846,I13.BMP,I13_08_3.bmp,2.9091,13,08,3
847,I13.BMP,I13_08_4.bmp,2.1563,13,08,4
848,I13.BMP,I13_09_1.bmp,4.6129,13,09,1
849,I13.BMP,I13_09_2.bmp,3.6061,13,09,2
850,I13.BMP,I13_09_3.bmp,2.3939,13,09,3
851,I13.BMP,I13_09_4.bmp,0.6765,13,09,4
852,I13.BMP,I13_10_1.bmp,5.8824,13,10,1
853,I13.BMP,I13_10_2.bmp,5.2424,13,10,2
854,I13.BMP,I13_10_3.bmp,2.9118,13,10,3
855,I13.BMP,I13_10_4.bmp,0.8788,13,10,4
856,I13.BMP,I13_11_1.bmp,5.8182,13,11,1
857,I13.BMP,I13_11_2.bmp,5.0909,13,11,2
858,I13.BMP,I13_11_3.bmp,4.3333,13,11,3
859,I13.BMP,I13_11_4.bmp,2.3939,13,11,4
860,I13.BMP,I13_12_1.bmp,5.9412,13,12,1
861,I13.BMP,I13_12_2.bmp,4.9412,13,12,2
862,I13.BMP,I13_12_3.bmp,5.4706,13,12,3
863,I13.BMP,I13_12_4.bmp,5.2059,13,12,4
864,I13.BMP,I13_13_1.bmp,4.6471,13,13,1
865,I13.BMP,I13_13_2.bmp,5.0588,13,13,2
866,I13.BMP,I13_13_3.bmp,3.8485,13,13,3
867,I13.BMP,I13_13_4.bmp,2.6471,13,13,4
868,I13.BMP,I13_14_1.bmp,6.0909,13,14,1
869,I13.BMP,I13_14_2.bmp,5.5455,13,14,2
870,I13.BMP,I13_14_3.bmp,5.3235,13,14,3
871,I13.BMP,I13_14_4.bmp,4.0,13,14,4
872,I13.BMP,I13_15_1.bmp,2.6563,13,15,1
873,I13.BMP,I13_15_2.bmp,2.8788,13,15,2
874,I13.BMP,I13_15_3.bmp,3.6176,13,15,3
875,I13.BMP,I13_15_4.bmp,3.8485,13,15,4
876,I13.BMP,I13_16_1.bmp,5.9394,13,16,1
877,I13.BMP,I13_16_2.bmp,6.0,13,16,2
878,I13.BMP,I13_16_3.bmp,4.6364,13,16,3
879,I13.BMP,I13_16_4.bmp,4.9394,13,16,4
880,I13.BMP,I13_17_1.bmp,6.7879,13,17,1
881,I13.BMP,I13_17_2.bmp,4.5588,13,17,2
882,I13.BMP,I13_17_3.bmp,6.1765,13,17,3
883,I13.BMP,I13_17_4.bmp,3.3939,13,17,4
884,I14.BMP,I14_01_1.bmp,6.1818,14,01,1
885,I14.BMP,I14_01_2.bmp,4.9688,14,01,2
886,I14.BMP,I14_01_3.bmp,4.9118,14,01,3
887,I14.BMP,I14_01_4.bmp,4.1515,14,01,4
888,I14.BMP,I14_02_1.bmp,6.2813,14,02,1
889,I14.BMP,I14_02_2.bmp,5.8235,14,02,2
890,I14.BMP,I14_02_3.bmp,5.7647,14,02,3
891,I14.BMP,I14_02_4.bmp,5.2647,14,02,4
892,I14.BMP,I14_03_1.bmp,4.9412,14,03,1
893,I14.BMP,I14_03_2.bmp,4.1471,14,03,2
894,I14.BMP,I14_03_3.bmp,3.8529,14,03,3
895,I14.BMP,I14_03_4.bmp,3.1471,14,03,4
896,I14.BMP,I14_04_1.bmp,6.1515,14,04,1
897,I14.BMP,I14_04_2.bmp,5.8235,14,04,2
898,I14.BMP,I14_04_3.bmp,5.303,14,04,3
899,I14.BMP,I14_04_4.bmp,4.4848,14,04,4
900,I14.BMP,I14_05_1.bmp,5.8529,14,05,1
901,I14.BMP,I14_05_2.bmp,5.3529,14,05,2
902,I14.BMP,I14_05_3.bmp,4.5588,14,05,3
903,I14.BMP,I14_05_4.bmp,3.5313,14,05,4
904,I14.BMP,I14_06_1.bmp,4.9375,14,06,1
905,I14.BMP,I14_06_2.bmp,4.4848,14,06,2
906,I14.BMP,I14_06_3.bmp,4.0909,14,06,3
907,I14.BMP,I14_06_4.bmp,3.697,14,06,4
908,I14.BMP,I14_07_1.bmp,5.4545,14,07,1
909,I14.BMP,I14_07_2.bmp,4.697,14,07,2
910,I14.BMP,I14_07_3.bmp,3.7879,14,07,3
911,I14.BMP,I14_07_4.bmp,3.0294,14,07,4
912,I14.BMP,I14_08_1.bmp,4.9412,14,08,1
913,I14.BMP,I14_08_2.bmp,3.7647,14,08,2
914,I14.BMP,I14_08_3.bmp,2.7647,14,08,3
915,I14.BMP,I14_08_4.bmp,1.9063,14,08,4
916,I14.BMP,I14_09_1.bmp,6.2941,14,09,1
917,I14.BMP,I14_09_2.bmp,5.0,14,09,2
918,I14.BMP,I14_09_3.bmp,3.0882,14,09,3
919,I14.BMP,I14_09_4.bmp,1.5294,14,09,4
920,I14.BMP,I14_10_1.bmp,5.6667,14,10,1
921,I14.BMP,I14_10_2.bmp,5.0606,14,10,2
922,I14.BMP,I14_10_3.bmp,3.25,14,10,3
923,I14.BMP,I14_10_4.bmp,1.6471,14,10,4
924,I14.BMP,I14_11_1.bmp,5.5758,14,11,1
925,I14.BMP,I14_11_2.bmp,4.5152,14,11,2
926,I14.BMP,I14_11_3.bmp,3.0588,14,11,3
927,I14.BMP,I14_11_4.bmp,0.9394,14,11,4
928,I14.BMP,I14_12_1.bmp,6.0882,14,12,1
929,I14.BMP,I14_12_2.bmp,4.4412,14,12,2
930,I14.BMP,I14_12_3.bmp,4.0,14,12,3
931,I14.BMP,I14_12_4.bmp,3.2121,14,12,4
932,I14.BMP,I14_13_1.bmp,4.9375,14,13,1
933,I14.BMP,I14_13_2.bmp,4.0606,14,13,2
934,I14.BMP,I14_13_3.bmp,3.6176,14,13,3
935,I14.BMP,I14_13_4.bmp,2.1515,14,13,4
936,I14.BMP,I14_14_1.bmp,6.1176,14,14,1
937,I14.BMP,I14_14_2.bmp,4.7879,14,14,2
938,I14.BMP,I14_14_3.bmp,4.2424,14,14,3
939,I14.BMP,I14_14_4.bmp,3.3824,14,14,4
940,I14.BMP,I14_15_1.bmp,2.375,14,15,1
941,I14.BMP,I14_15_2.bmp,3.1765,14,15,2
942,I14.BMP,I14_15_3.bmp,3.7813,14,15,3
943,I14.BMP,I14_15_4.bmp,4.6667,14,15,4
944,I14.BMP,I14_16_1.bmp,6.1515,14,16,1
945,I14.BMP,I14_16_2.bmp,6.2424,14,16,2
946,I14.BMP,I14_16_3.bmp,5.7273,14,16,3
947,I14.BMP,I14_16_4.bmp,5.2121,14,16,4
948,I14.BMP,I14_17_1.bmp,6.9706,14,17,1
949,I14.BMP,I14_17_2.bmp,4.8485,14,17,2
950,I14.BMP,I14_17_3.bmp,7.2941,14,17,3
951,I14.BMP,I14_17_4.bmp,3.9063,14,17,4
952,I15.BMP,I15_01_1.bmp,5.4857,15,01,1
953,I15.BMP,I15_01_2.bmp,5.1714,15,01,2
954,I15.BMP,I15_01_3.bmp,4.5429,15,01,3
955,I15.BMP,I15_01_4.bmp,4.25,15,01,4
956,I15.BMP,I15_02_1.bmp,6.2059,15,02,1
957,I15.BMP,I15_02_2.bmp,5.8235,15,02,2
958,I15.BMP,I15_02_3.bmp,5.2286,15,02,3
959,I15.BMP,I15_02_4.bmp,4.6667,15,02,4
960,I15.BMP,I15_03_1.bmp,4.5,15,03,1
961,I15.BMP,I15_03_2.bmp,3.9429,15,03,2
962,I15.BMP,I15_03_3.bmp,3.3611,15,03,3
963,I15.BMP,I15_03_4.bmp,2.8611,15,03,4
964,I15.BMP,I15_04_1.bmp,6.3889,15,04,1
965,I15.BMP,I15_04_2.bmp,6.3889,15,04,2
966,I15.BMP,I15_04_3.bmp,5.8857,15,04,3
967,I15.BMP,I15_04_4.bmp,5.4857,15,04,4
968,I15.BMP,I15_05_1.bmp,6.4722,15,05,1
969,I15.BMP,I15_05_2.bmp,5.6111,15,05,2
970,I15.BMP,I15_05_3.bmp,4.8056,15,05,3
971,I15.BMP,I15_05_4.bmp,3.6944,15,05,4
972,I15.BMP,I15_06_1.bmp,4.6857,15,06,1
973,I15.BMP,I15_06_2.bmp,4.2647,15,06,2
974,I15.BMP,I15_06_3.bmp,3.8286,15,06,3
975,I15.BMP,I15_06_4.bmp,3.3611,15,06,4
976,I15.BMP,I15_07_1.bmp,4.1143,15,07,1
977,I15.BMP,I15_07_2.bmp,3.9714,15,07,2
978,I15.BMP,I15_07_3.bmp,3.1389,15,07,3
979,I15.BMP,I15_07_4.bmp,2.6944,15,07,4
980,I15.BMP,I15_08_1.bmp,6.1389,15,08,1
981,I15.BMP,I15_08_2.bmp,5.1176,15,08,2
982,I15.BMP,I15_08_3.bmp,4.4722,15,08,3
983,I15.BMP,I15_08_4.bmp,3.6857,15,08,4
984,I15.BMP,I15_09_1.bmp,5.8571,15,09,1
985,I15.BMP,I15_09_2.bmp,5.1714,15,09,2
986,I15.BMP,I15_09_3.bmp,3.9118,15,09,3
987,I15.BMP,I15_09_4.bmp,2.4286,15,09,4
988,I15.BMP,I15_10_1.bmp,6.2857,15,10,1
989,I15.BMP,I15_10_2.bmp,5.1143,15,10,2
990,I15.BMP,I15_10_3.bmp,3.5,15,10,3
991,I15.BMP,I15_10_4.bmp,1.8824,15,10,4
992,I15.BMP,I15_11_1.bmp,4.7222,15,11,1
993,I15.BMP,I15_11_2.bmp,3.0,15,11,2
994,I15.BMP,I15_11_3.bmp,1.8889,15,11,3
995,I15.BMP,I15_11_4.bmp,0.3429,15,11,4
996,I15.BMP,I15_12_1.bmp,5.6571,15,12,1
997,I15.BMP,I15_12_2.bmp,4.3143,15,12,2
998,I15.BMP,I15_12_3.bmp,3.2778,15,12,3
999,I15.BMP,I15_12_4.bmp,2.5714,15,12,4
1000,I15.BMP,I15_13_1.bmp,4.2286,15,13,1
1001,I15.BMP,I15_13_2.bmp,3.4722,15,13,2
1002,I15.BMP,I15_13_3.bmp,2.8333,15,13,3
1003,I15.BMP,I15_13_4.bmp,1.6111,15,13,4
1004,I15.BMP,I15_14_1.bmp,6.2571,15,14,1
1005,I15.BMP,I15_14_2.bmp,6.25,15,14,2
1006,I15.BMP,I15_14_3.bmp,5.0588,15,14,3
1007,I15.BMP,I15_14_4.bmp,3.9706,15,14,4
1008,I15.BMP,I15_15_1.bmp,3.3714,15,15,1
1009,I15.BMP,I15_15_2.bmp,3.6765,15,15,2
1010,I15.BMP,I15_15_3.bmp,4.4857,15,15,3
1011,I15.BMP,I15_15_4.bmp,4.5,15,15,4
1012,I15.BMP,I15_16_1.bmp,6.25,15,16,1
1013,I15.BMP,I15_16_2.bmp,5.5278,15,16,2
1014,I15.BMP,I15_16_3.bmp,5.7778,15,16,3
1015,I15.BMP,I15_16_4.bmp,4.3824,15,16,4
1016,I15.BMP,I15_17_1.bmp,6.5,15,17,1
1017,I15.BMP,I15_17_2.bmp,5.4444,15,17,2
1018,I15.BMP,I15_17_3.bmp,6.5278,15,17,3
1019,I15.BMP,I15_17_4.bmp,4.2222,15,17,4
1020,I16.BMP,I16_01_1.bmp,5.4839,16,01,1
1021,I16.BMP,I16_01_2.bmp,5.5484,16,01,2
1022,I16.BMP,I16_01_3.bmp,4.6774,16,01,3
1023,I16.BMP,I16_01_4.bmp,4.2333,16,01,4
1024,I16.BMP,I16_02_1.bmp,6.0968,16,02,1
1025,I16.BMP,I16_02_2.bmp,5.9667,16,02,2
1026,I16.BMP,I16_02_3.bmp,5.2414,16,02,3
1027,I16.BMP,I16_02_4.bmp,4.8387,16,02,4
1028,I16.BMP,I16_03_1.bmp,4.6452,16,03,1
1029,I16.BMP,I16_03_2.bmp,3.9333,16,03,2
1030,I16.BMP,I16_03_3.bmp,3.4839,16,03,3
1031,I16.BMP,I16_03_4.bmp,3.0,16,03,4
1032,I16.BMP,I16_04_1.bmp,6.1935,16,04,1
1033,I16.BMP,I16_04_2.bmp,5.3333,16,04,2
1034,I16.BMP,I16_04_3.bmp,5.1,16,04,3
1035,I16.BMP,I16_04_4.bmp,4.5333,16,04,4
1036,I16.BMP,I16_05_1.bmp,6.2667,16,05,1
1037,I16.BMP,I16_05_2.bmp,5.4516,16,05,2
1038,I16.BMP,I16_05_3.bmp,4.5806,16,05,3
1039,I16.BMP,I16_05_4.bmp,3.6129,16,05,4
1040,I16.BMP,I16_06_1.bmp,5.0667,16,06,1
1041,I16.BMP,I16_06_2.bmp,4.7097,16,06,2
1042,I16.BMP,I16_06_3.bmp,4.1667,16,06,3
1043,I16.BMP,I16_06_4.bmp,3.9,16,06,4
1044,I16.BMP,I16_07_1.bmp,4.5484,16,07,1
1045,I16.BMP,I16_07_2.bmp,4.0968,16,07,2
1046,I16.BMP,I16_07_3.bmp,3.7333,16,07,3
1047,I16.BMP,I16_07_4.bmp,2.9677,16,07,4
1048,I16.BMP,I16_08_1.bmp,5.4516,16,08,1
1049,I16.BMP,I16_08_2.bmp,4.1613,16,08,2
1050,I16.BMP,I16_08_3.bmp,3.4,16,08,3
1051,I16.BMP,I16_08_4.bmp,2.7,16,08,4
1052,I16.BMP,I16_09_1.bmp,5.871,16,09,1
1053,I16.BMP,I16_09_2.bmp,4.6667,16,09,2
1054,I16.BMP,I16_09_3.bmp,3.2333,16,09,3
1055,I16.BMP,I16_09_4.bmp,2.0,16,09,4
1056,I16.BMP,I16_10_1.bmp,6.2667,16,10,1
1057,I16.BMP,I16_10_2.bmp,5.129,16,10,2
1058,I16.BMP,I16_10_3.bmp,3.0645,16,10,3
1059,I16.BMP,I16_10_4.bmp,2.1333,16,10,4
1060,I16.BMP,I16_11_1.bmp,4.7,16,11,1
1061,I16.BMP,I16_11_2.bmp,2.7097,16,11,2
1062,I16.BMP,I16_11_3.bmp,1.0,16,11,3
1063,I16.BMP,I16_11_4.bmp,0.0,16,11,4
1064,I16.BMP,I16_12_1.bmp,5.9677,16,12,1
1065,I16.BMP,I16_12_2.bmp,4.8276,16,12,2
1066,I16.BMP,I16_12_3.bmp,3.2258,16,12,3
1067,I16.BMP,I16_12_4.bmp,2.4667,16,12,4
1068,I16.BMP,I16_13_1.bmp,4.3667,16,13,1
1069,I16.BMP,I16_13_2.bmp,4.6667,16,13,2
1070,I16.BMP,I16_13_3.bmp,3.0968,16,13,3
1071,I16.BMP,I16_13_4.bmp,3.6667,16,13,4
1072,I16.BMP,I16_14_1.bmp,6.3,16,14,1
1073,I16.BMP,I16_14_2.bmp,6.3103,16,14,2
1074,I16.BMP,I16_14_3.bmp,5.5,16,14,3
1075,I16.BMP,I16_14_4.bmp,4.5862,16,14,4
1076,I16.BMP,I16_15_1.bmp,3.2581,16,15,1
1077,I16.BMP,I16_15_2.bmp,3.4516,16,15,2
1078,I16.BMP,I16_15_3.bmp,4.0968,16,15,3
1079,I16.BMP,I16_15_4.bmp,4.4516,16,15,4
1080,I16.BMP,I16_16_1.bmp,6.1724,16,16,1
1081,I16.BMP,I16_16_2.bmp,5.9677,16,16,2
1082,I16.BMP,I16_16_3.bmp,6.1935,16,16,3
1083,I16.BMP,I16_16_4.bmp,5.0645,16,16,4
1084,I16.BMP,I16_17_1.bmp,7.129,16,17,1
1085,I16.BMP,I16_17_2.bmp,5.0645,16,17,2
1086,I16.BMP,I16_17_3.bmp,6.7742,16,17,3
1087,I16.BMP,I16_17_4.bmp,4.1613,16,17,4
1088,I17.BMP,I17_01_1.bmp,5.6857,17,01,1
1089,I17.BMP,I17_01_2.bmp,5.2222,17,01,2
1090,I17.BMP,I17_01_3.bmp,4.6,17,01,3
1091,I17.BMP,I17_01_4.bmp,4.1429,17,01,4
1092,I17.BMP,I17_02_1.bmp,6.4444,17,02,1
1093,I17.BMP,I17_02_2.bmp,5.8,17,02,2
1094,I17.BMP,I17_02_3.bmp,5.4706,17,02,3
1095,I17.BMP,I17_02_4.bmp,4.9444,17,02,4
1096,I17.BMP,I17_03_1.bmp,4.6286,17,03,1
1097,I17.BMP,I17_03_2.bmp,4.0571,17,03,2
1098,I17.BMP,I17_03_3.bmp,3.6571,17,03,3
1099,I17.BMP,I17_03_4.bmp,3.0,17,03,4
1100,I17.BMP,I17_04_1.bmp,6.0556,17,04,1
1101,I17.BMP,I17_04_2.bmp,5.9143,17,04,2
1102,I17.BMP,I17_04_3.bmp,5.4444,17,04,3
1103,I17.BMP,I17_04_4.bmp,4.5714,17,04,4
1104,I17.BMP,I17_05_1.bmp,6.3333,17,05,1
1105,I17.BMP,I17_05_2.bmp,5.3333,17,05,2
1106,I17.BMP,I17_05_3.bmp,4.9429,17,05,3
1107,I17.BMP,I17_05_4.bmp,3.6667,17,05,4
1108,I17.BMP,I17_06_1.bmp,4.8824,17,06,1
1109,I17.BMP,I17_06_2.bmp,4.4857,17,06,2
1110,I17.BMP,I17_06_3.bmp,3.9143,17,06,3
1111,I17.BMP,I17_06_4.bmp,3.7429,17,06,4
1112,I17.BMP,I17_07_1.bmp,4.75,17,07,1
1113,I17.BMP,I17_07_2.bmp,4.0857,17,07,2
1114,I17.BMP,I17_07_3.bmp,3.2857,17,07,3
1115,I17.BMP,I17_07_4.bmp,2.7429,17,07,4
1116,I17.BMP,I17_08_1.bmp,5.9143,17,08,1
1117,I17.BMP,I17_08_2.bmp,4.8235,17,08,2
1118,I17.BMP,I17_08_3.bmp,3.8788,17,08,3
1119,I17.BMP,I17_08_4.bmp,3.0833,17,08,4
1120,I17.BMP,I17_09_1.bmp,6.1389,17,09,1
1121,I17.BMP,I17_09_2.bmp,5.3235,17,09,2
1122,I17.BMP,I17_09_3.bmp,3.8889,17,09,3
1123,I17.BMP,I17_09_4.bmp,2.5429,17,09,4
1124,I17.BMP,I17_10_1.bmp,6.1667,17,10,1
1125,I17.BMP,I17_10_2.bmp,5.4167,17,10,2
1126,I17.BMP,I17_10_3.bmp,3.3824,17,10,3
1127,I17.BMP,I17_10_4.bmp,1.9714,17,10,4
1128,I17.BMP,I17_11_1.bmp,5.4286,17,11,1
1129,I17.BMP,I17_11_2.bmp,3.3429,17,11,2
1130,I17.BMP,I17_11_3.bmp,2.2222,17,11,3
1131,I17.BMP,I17_11_4.bmp,0.0857,17,11,4
1132,I17.BMP,I17_12_1.bmp,6.2,17,12,1
1133,I17.BMP,I17_12_2.bmp,5.2,17,12,2
1134,I17.BMP,I17_12_3.bmp,3.9444,17,12,3
1135,I17.BMP,I17_12_4.bmp,2.1944,17,12,4
1136,I17.BMP,I17_13_1.bmp,4.2571,17,13,1
1137,I17.BMP,I17_13_2.bmp,3.3333,17,13,2
1138,I17.BMP,I17_13_3.bmp,2.8857,17,13,3
1139,I17.BMP,I17_13_4.bmp,2.2,17,13,4
1140,I17.BMP,I17_14_1.bmp,6.2571,17,14,1
1141,I17.BMP,I17_14_2.bmp,5.4857,17,14,2
1142,I17.BMP,I17_14_3.bmp,4.2222,17,14,3
1143,I17.BMP,I17_14_4.bmp,3.4444,17,14,4
1144,I17.BMP,I17_15_1.bmp,2.9722,17,15,1
1145,I17.BMP,I17_15_2.bmp,3.7143,17,15,2
1146,I17.BMP,I17_15_3.bmp,3.7778,17,15,3
1147,I17.BMP,I17_15_4.bmp,3.8571,17,15,4
1148,I17.BMP,I17_16_1.bmp,6.1429,17,16,1
1149,I17.BMP,I17_16_2.bmp,5.7222,17,16,2
1150,I17.BMP,I17_16_3.bmp,5.9167,17,16,3
1151,I17.BMP,I17_16_4.bmp,4.6857,17,16,4
1152,I17.BMP,I17_17_1.bmp,6.9429,17,17,1
1153,I17.BMP,I17_17_2.bmp,5.3611,17,17,2
1154,I17.BMP,I17_17_3.bmp,6.9444,17,17,3
1155,I17.BMP,I17_17_4.bmp,4.0857,17,17,4
1156,I18.BMP,I18_01_1.bmp,5.6452,18,01,1
1157,I18.BMP,I18_01_2.bmp,5.129,18,01,2
1158,I18.BMP,I18_01_3.bmp,4.7188,18,01,3
1159,I18.BMP,I18_01_4.bmp,3.9667,18,01,4
1160,I18.BMP,I18_02_1.bmp,6.5806,18,02,1
1161,I18.BMP,I18_02_2.bmp,5.7813,18,02,2
1162,I18.BMP,I18_02_3.bmp,5.4516,18,02,3
1163,I18.BMP,I18_02_4.bmp,4.8065,18,02,4
1164,I18.BMP,I18_03_1.bmp,4.5625,18,03,1
1165,I18.BMP,I18_03_2.bmp,4.2188,18,03,2
1166,I18.BMP,I18_03_3.bmp,3.7742,18,03,3
1167,I18.BMP,I18_03_4.bmp,3.0,18,03,4
1168,I18.BMP,I18_04_1.bmp,6.6774,18,04,1
1169,I18.BMP,I18_04_2.bmp,6.1563,18,04,2
1170,I18.BMP,I18_04_3.bmp,5.3438,18,04,3
1171,I18.BMP,I18_04_4.bmp,4.6333,18,04,4
1172,I18.BMP,I18_05_1.bmp,6.1563,18,05,1
1173,I18.BMP,I18_05_2.bmp,5.5,18,05,2
1174,I18.BMP,I18_05_3.bmp,4.5625,18,05,3
1175,I18.BMP,I18_05_4.bmp,3.7097,18,05,4
1176,I18.BMP,I18_06_1.bmp,4.7742,18,06,1
1177,I18.BMP,I18_06_2.bmp,4.5161,18,06,2
1178,I18.BMP,I18_06_3.bmp,4.0,18,06,3
1179,I18.BMP,I18_06_4.bmp,3.6563,18,06,4
1180,I18.BMP,I18_07_1.bmp,4.9677,18,07,1
1181,I18.BMP,I18_07_2.bmp,4.0625,18,07,2
1182,I18.BMP,I18_07_3.bmp,3.7188,18,07,3
1183,I18.BMP,I18_07_4.bmp,3.0313,18,07,4
1184,I18.BMP,I18_08_1.bmp,5.0313,18,08,1
1185,I18.BMP,I18_08_2.bmp,4.0938,18,08,2
1186,I18.BMP,I18_08_3.bmp,3.0313,18,08,3
1187,I18.BMP,I18_08_4.bmp,2.125,18,08,4
1188,I18.BMP,I18_09_1.bmp,6.1563,18,09,1
1189,I18.BMP,I18_09_2.bmp,4.7813,18,09,2
1190,I18.BMP,I18_09_3.bmp,3.0938,18,09,3
1191,I18.BMP,I18_09_4.bmp,1.5161,18,09,4
1192,I18.BMP,I18_10_1.bmp,6.0667,18,10,1
1193,I18.BMP,I18_10_2.bmp,5.1875,18,10,2
1194,I18.BMP,I18_10_3.bmp,3.3226,18,10,3
1195,I18.BMP,I18_10_4.bmp,1.6774,18,10,4
1196,I18.BMP,I18_11_1.bmp,6.0938,18,11,1
1197,I18.BMP,I18_11_2.bmp,4.5161,18,11,2
1198,I18.BMP,I18_11_3.bmp,2.9677,18,11,3
1199,I18.BMP,I18_11_4.bmp,0.5313,18,11,4
1200,I18.BMP,I18_12_1.bmp,6.0,18,12,1
1201,I18.BMP,I18_12_2.bmp,5.9677,18,12,2
1202,I18.BMP,I18_12_3.bmp,4.6875,18,12,3
1203,I18.BMP,I18_12_4.bmp,2.8065,18,12,4
1204,I18.BMP,I18_13_1.bmp,4.7419,18,13,1
1205,I18.BMP,I18_13_2.bmp,3.875,18,13,2
1206,I18.BMP,I18_13_3.bmp,3.0645,18,13,3
1207,I18.BMP,I18_13_4.bmp,2.5938,18,13,4
1208,I18.BMP,I18_14_1.bmp,6.129,18,14,1
1209,I18.BMP,I18_14_2.bmp,4.0625,18,14,2
1210,I18.BMP,I18_14_3.bmp,4.25,18,14,3
1211,I18.BMP,I18_14_4.bmp,3.1613,18,14,4
1212,I18.BMP,I18_15_1.bmp,2.9688,18,15,1
1213,I18.BMP,I18_15_2.bmp,3.7742,18,15,2
1214,I18.BMP,I18_15_3.bmp,4.1935,18,15,3
1215,I18.BMP,I18_15_4.bmp,4.6875,18,15,4
1216,I18.BMP,I18_16_1.bmp,6.7188,18,16,1
1217,I18.BMP,I18_16_2.bmp,5.9063,18,16,2
1218,I18.BMP,I18_16_3.bmp,5.6774,18,16,3
1219,I18.BMP,I18_16_4.bmp,4.5333,18,16,4
1220,I18.BMP,I18_17_1.bmp,6.4375,18,17,1
1221,I18.BMP,I18_17_2.bmp,5.0938,18,17,2
1222,I18.BMP,I18_17_3.bmp,6.0,18,17,3
1223,I18.BMP,I18_17_4.bmp,4.1935,18,17,4
1224,I19.BMP,I19_01_1.bmp,5.5313,19,01,1
1225,I19.BMP,I19_01_2.bmp,5.0323,19,01,2
1226,I19.BMP,I19_01_3.bmp,4.6563,19,01,3
1227,I19.BMP,I19_01_4.bmp,3.9063,19,01,4
1228,I19.BMP,I19_02_1.bmp,6.0323,19,02,1
1229,I19.BMP,I19_02_2.bmp,5.7742,19,02,2
1230,I19.BMP,I19_02_3.bmp,5.1935,19,02,3
1231,I19.BMP,I19_02_4.bmp,4.8125,19,02,4
1232,I19.BMP,I19_03_1.bmp,4.2258,19,03,1
1233,I19.BMP,I19_03_2.bmp,3.7097,19,03,2
1234,I19.BMP,I19_03_3.bmp,3.4063,19,03,3
1235,I19.BMP,I19_03_4.bmp,2.6774,19,03,4
1236,I19.BMP,I19_04_1.bmp,6.0968,19,04,1
1237,I19.BMP,I19_04_2.bmp,5.9063,19,04,2
1238,I19.BMP,I19_04_3.bmp,5.5625,19,04,3
1239,I19.BMP,I19_04_4.bmp,5.1563,19,04,4
1240,I19.BMP,I19_05_1.bmp,5.9688,19,05,1
1241,I19.BMP,I19_05_2.bmp,5.0968,19,05,2
1242,I19.BMP,I19_05_3.bmp,4.3548,19,05,3
1243,I19.BMP,I19_05_4.bmp,3.4688,19,05,4
1244,I19.BMP,I19_06_1.bmp,4.9375,19,06,1
1245,I19.BMP,I19_06_2.bmp,4.4688,19,06,2
1246,I19.BMP,I19_06_3.bmp,3.7742,19,06,3
1247,I19.BMP,I19_06_4.bmp,3.5313,19,06,4
1248,I19.BMP,I19_07_1.bmp,4.5,19,07,1
1249,I19.BMP,I19_07_2.bmp,4.0,19,07,2
1250,I19.BMP,I19_07_3.bmp,3.4375,19,07,3
1251,I19.BMP,I19_07_4.bmp,2.9688,19,07,4
1252,I19.BMP,I19_08_1.bmp,4.9688,19,08,1
1253,I19.BMP,I19_08_2.bmp,3.7667,19,08,2
1254,I19.BMP,I19_08_3.bmp,3.2258,19,08,3
1255,I19.BMP,I19_08_4.bmp,2.3438,19,08,4
1256,I19.BMP,I19_09_1.bmp,6.125,19,09,1
1257,I19.BMP,I19_09_2.bmp,5.1333,19,09,2
1258,I19.BMP,I19_09_3.bmp,3.3871,19,09,3
1259,I19.BMP,I19_09_4.bmp,1.875,19,09,4
1260,I19.BMP,I19_10_1.bmp,6.129,19,10,1
1261,I19.BMP,I19_10_2.bmp,5.2903,19,10,2
1262,I19.BMP,I19_10_3.bmp,3.1563,19,10,3
1263,I19.BMP,I19_10_4.bmp,1.4194,19,10,4
1264,I19.BMP,I19_11_1.bmp,5.5806,19,11,1
1265,I19.BMP,I19_11_2.bmp,4.5938,19,11,2
1266,I19.BMP,I19_11_3.bmp,2.8333,19,11,3
1267,I19.BMP,I19_11_4.bmp,0.7742,19,11,4
1268,I19.BMP,I19_12_1.bmp,5.9677,19,12,1
1269,I19.BMP,I19_12_2.bmp,5.1875,19,12,2
1270,I19.BMP,I19_12_3.bmp,5.125,19,12,3
1271,I19.BMP,I19_12_4.bmp,4.4375,19,12,4
1272,I19.BMP,I19_13_1.bmp,4.2667,19,13,1
1273,I19.BMP,I19_13_2.bmp,3.8438,19,13,2
1274,I19.BMP,I19_13_3.bmp,3.4063,19,13,3
1275,I19.BMP,I19_13_4.bmp,2.4063,19,13,4
1276,I19.BMP,I19_14_1.bmp,6.3871,19,14,1
1277,I19.BMP,I19_14_2.bmp,5.9,19,14,2
1278,I19.BMP,I19_14_3.bmp,5.2258,19,14,3
1279,I19.BMP,I19_14_4.bmp,3.9063,19,14,4
1280,I19.BMP,I19_15_1.bmp,2.8387,19,15,1
1281,I19.BMP,I19_15_2.bmp,3.2667,19,15,2
1282,I19.BMP,I19_15_3.bmp,3.9355,19,15,3
1283,I19.BMP,I19_15_4.bmp,4.4194,19,15,4
1284,I19.BMP,I19_16_1.bmp,6.625,19,16,1
1285,I19.BMP,I19_16_2.bmp,5.8667,19,16,2
1286,I19.BMP,I19_16_3.bmp,6.0625,19,16,3
1287,I19.BMP,I19_16_4.bmp,5.0333,19,16,4
1288,I19.BMP,I19_17_1.bmp,6.4375,19,17,1
1289,I19.BMP,I19_17_2.bmp,5.0,19,17,2
1290,I19.BMP,I19_17_3.bmp,6.25,19,17,3
1291,I19.BMP,I19_17_4.bmp,3.6774,19,17,4
1292,I20.BMP,I20_01_1.bmp,5.7714,20,01,1
1293,I20.BMP,I20_01_2.bmp,5.1714,20,01,2
1294,I20.BMP,I20_01_3.bmp,4.7059,20,01,3
1295,I20.BMP,I20_01_4.bmp,4.2571,20,01,4
1296,I20.BMP,I20_02_1.bmp,6.3429,20,02,1
1297,I20.BMP,I20_02_2.bmp,5.9429,20,02,2
1298,I20.BMP,I20_02_3.bmp,5.7941,20,02,3
1299,I20.BMP,I20_02_4.bmp,5.0,20,02,4
1300,I20.BMP,I20_03_1.bmp,4.4571,20,03,1
1301,I20.BMP,I20_03_2.bmp,3.9429,20,03,2
1302,I20.BMP,I20_03_3.bmp,3.6765,20,03,3
1303,I20.BMP,I20_03_4.bmp,3.0882,20,03,4
1304,I20.BMP,I20_04_1.bmp,5.9706,20,04,1
1305,I20.BMP,I20_04_2.bmp,5.4857,20,04,2
1306,I20.BMP,I20_04_3.bmp,4.8125,20,04,3
1307,I20.BMP,I20_04_4.bmp,4.1176,20,04,4
1308,I20.BMP,I20_05_1.bmp,5.9697,20,05,1
1309,I20.BMP,I20_05_2.bmp,5.3429,20,05,2
1310,I20.BMP,I20_05_3.bmp,4.6765,20,05,3
1311,I20.BMP,I20_05_4.bmp,3.5429,20,05,4
1312,I20.BMP,I20_06_1.bmp,4.8438,20,06,1
1313,I20.BMP,I20_06_2.bmp,4.0882,20,06,2
1314,I20.BMP,I20_06_3.bmp,4.0294,20,06,3
1315,I20.BMP,I20_06_4.bmp,3.2059,20,06,4
1316,I20.BMP,I20_07_1.bmp,5.0571,20,07,1
1317,I20.BMP,I20_07_2.bmp,4.5588,20,07,2
1318,I20.BMP,I20_07_3.bmp,3.697,20,07,3
1319,I20.BMP,I20_07_4.bmp,3.2941,20,07,4
1320,I20.BMP,I20_08_1.bmp,5.5714,20,08,1
1321,I20.BMP,I20_08_2.bmp,4.6286,20,08,2
1322,I20.BMP,I20_08_3.bmp,3.6571,20,08,3
1323,I20.BMP,I20_08_4.bmp,2.6571,20,08,4
1324,I20.BMP,I20_09_1.bmp,6.6,20,09,1
1325,I20.BMP,I20_09_2.bmp,5.7059,20,09,2
1326,I20.BMP,I20_09_3.bmp,4.0286,20,09,3
1327,I20.BMP,I20_09_4.bmp,2.0882,20,09,4
1328,I20.BMP,I20_10_1.bmp,6.0571,20,10,1
1329,I20.BMP,I20_10_2.bmp,5.3714,20,10,2
1330,I20.BMP,I20_10_3.bmp,3.6176,20,10,3
1331,I20.BMP,I20_10_4.bmp,2.2353,20,10,4
1332,I20.BMP,I20_11_1.bmp,5.0571,20,11,1
1333,I20.BMP,I20_11_2.bmp,3.3333,20,11,2
1334,I20.BMP,I20_11_3.bmp,1.8571,20,11,3
1335,I20.BMP,I20_11_4.bmp,0.1875,20,11,4
1336,I20.BMP,I20_12_1.bmp,5.4412,20,12,1
1337,I20.BMP,I20_12_2.bmp,4.6571,20,12,2
1338,I20.BMP,I20_12_3.bmp,4.1176,20,12,3
1339,I20.BMP,I20_12_4.bmp,2.4571,20,12,4
1340,I20.BMP,I20_13_1.bmp,4.1143,20,13,1
1341,I20.BMP,I20_13_2.bmp,4.3143,20,13,2
1342,I20.BMP,I20_13_3.bmp,2.9394,20,13,3
1343,I20.BMP,I20_13_4.bmp,2.4412,20,13,4
1344,I20.BMP,I20_14_1.bmp,6.1176,20,14,1
1345,I20.BMP,I20_14_2.bmp,4.8485,20,14,2
1346,I20.BMP,I20_14_3.bmp,3.8,20,14,3
1347,I20.BMP,I20_14_4.bmp,3.2727,20,14,4
1348,I20.BMP,I20_15_1.bmp,2.5429,20,15,1
1349,I20.BMP,I20_15_2.bmp,3.3824,20,15,2
1350,I20.BMP,I20_15_3.bmp,3.7941,20,15,3
1351,I20.BMP,I20_15_4.bmp,4.4286,20,15,4
1352,I20.BMP,I20_16_1.bmp,6.5882,20,16,1
1353,I20.BMP,I20_16_2.bmp,6.5,20,16,2
1354,I20.BMP,I20_16_3.bmp,6.5143,20,16,3
1355,I20.BMP,I20_16_4.bmp,5.6286,20,16,4
1356,I20.BMP,I20_17_1.bmp,6.8857,20,17,1
1357,I20.BMP,I20_17_2.bmp,5.3714,20,17,2
1358,I20.BMP,I20_17_3.bmp,6.6765,20,17,3
1359,I20.BMP,I20_17_4.bmp,4.0,20,17,4
1360,I21.BMP,I21_01_1.bmp,5.2813,21,01,1
1361,I21.BMP,I21_01_2.bmp,5.0,21,01,2
1362,I21.BMP,I21_01_3.bmp,4.2581,21,01,3
1363,I21.BMP,I21_01_4.bmp,3.9688,21,01,4
1364,I21.BMP,I21_02_1.bmp,6.3438,21,02,1
1365,I21.BMP,I21_02_2.bmp,5.8438,21,02,2
1366,I21.BMP,I21_02_3.bmp,5.1333,21,02,3
1367,I21.BMP,I21_02_4.bmp,4.6875,21,02,4
1368,I21.BMP,I21_03_1.bmp,4.375,21,03,1
1369,I21.BMP,I21_03_2.bmp,3.8387,21,03,2
1370,I21.BMP,I21_03_3.bmp,3.4333,21,03,3
1371,I21.BMP,I21_03_4.bmp,3.0645,21,03,4
1372,I21.BMP,I21_04_1.bmp,6.1875,21,04,1
1373,I21.BMP,I21_04_2.bmp,5.9375,21,04,2
1374,I21.BMP,I21_04_3.bmp,5.5333,21,04,3
1375,I21.BMP,I21_04_4.bmp,4.9063,21,04,4
1376,I21.BMP,I21_05_1.bmp,6.0,21,05,1
1377,I21.BMP,I21_05_2.bmp,5.4375,21,05,2
1378,I21.BMP,I21_05_3.bmp,4.6774,21,05,3
1379,I21.BMP,I21_05_4.bmp,3.4333,21,05,4
1380,I21.BMP,I21_06_1.bmp,4.9333,21,06,1
1381,I21.BMP,I21_06_2.bmp,4.5161,21,06,2
1382,I21.BMP,I21_06_3.bmp,4.2258,21,06,3
1383,I21.BMP,I21_06_4.bmp,3.9355,21,06,4
1384,I21.BMP,I21_07_1.bmp,4.75,21,07,1
1385,I21.BMP,I21_07_2.bmp,4.1563,21,07,2
1386,I21.BMP,I21_07_3.bmp,3.4375,21,07,3
1387,I21.BMP,I21_07_4.bmp,3.1563,21,07,4
1388,I21.BMP,I21_08_1.bmp,5.0645,21,08,1
1389,I21.BMP,I21_08_2.bmp,4.1875,21,08,2
1390,I21.BMP,I21_08_3.bmp,3.4,21,08,3
1391,I21.BMP,I21_08_4.bmp,2.4063,21,08,4
1392,I21.BMP,I21_09_1.bmp,6.25,21,09,1
1393,I21.BMP,I21_09_2.bmp,5.6333,21,09,2
1394,I21.BMP,I21_09_3.bmp,3.6774,21,09,3
1395,I21.BMP,I21_09_4.bmp,2.375,21,09,4
1396,I21.BMP,I21_10_1.bmp,6.0,21,10,1
1397,I21.BMP,I21_10_2.bmp,4.8065,21,10,2
1398,I21.BMP,I21_10_3.bmp,3.25,21,10,3
1399,I21.BMP,I21_10_4.bmp,1.3226,21,10,4
1400,I21.BMP,I21_11_1.bmp,5.5938,21,11,1
1401,I21.BMP,I21_11_2.bmp,4.7667,21,11,2
1402,I21.BMP,I21_11_3.bmp,3.0645,21,11,3
1403,I21.BMP,I21_11_4.bmp,0.4516,21,11,4
1404,I21.BMP,I21_12_1.bmp,5.0938,21,12,1
1405,I21.BMP,I21_12_2.bmp,6.2903,21,12,2
1406,I21.BMP,I21_12_3.bmp,6.0968,21,12,3
1407,I21.BMP,I21_12_4.bmp,1.9667,21,12,4
1408,I21.BMP,I21_13_1.bmp,4.2188,21,13,1
1409,I21.BMP,I21_13_2.bmp,3.7188,21,13,2
1410,I21.BMP,I21_13_3.bmp,3.0,21,13,3
1411,I21.BMP,I21_13_4.bmp,2.9063,21,13,4
1412,I21.BMP,I21_14_1.bmp,6.3226,21,14,1
1413,I21.BMP,I21_14_2.bmp,6.2188,21,14,2
1414,I21.BMP,I21_14_3.bmp,4.2667,21,14,3
1415,I21.BMP,I21_14_4.bmp,3.7188,21,14,4
1416,I21.BMP,I21_15_1.bmp,2.1613,21,15,1
1417,I21.BMP,I21_15_2.bmp,3.125,21,15,2
1418,I21.BMP,I21_15_3.bmp,3.2581,21,15,3
1419,I21.BMP,I21_15_4.bmp,3.9032,21,15,4
1420,I21.BMP,I21_16_1.bmp,6.3438,21,16,1
1421,I21.BMP,I21_16_2.bmp,5.8667,21,16,2
1422,I21.BMP,I21_16_3.bmp,5.6452,21,16,3
1423,I21.BMP,I21_16_4.bmp,5.3125,21,16,4
1424,I21.BMP,I21_17_1.bmp,6.7097,21,17,1
1425,I21.BMP,I21_17_2.bmp,4.9677,21,17,2
1426,I21.BMP,I21_17_3.bmp,6.1563,21,17,3
1427,I21.BMP,I21_17_4.bmp,4.2903,21,17,4
1428,I22.BMP,I22_01_1.bmp,5.6667,22,01,1
1429,I22.BMP,I22_01_2.bmp,5.1034,22,01,2
1430,I22.BMP,I22_01_3.bmp,4.8333,22,01,3
1431,I22.BMP,I22_01_4.bmp,4.2581,22,01,4
1432,I22.BMP,I22_02_1.bmp,5.9677,22,02,1
1433,I22.BMP,I22_02_2.bmp,5.8065,22,02,2
1434,I22.BMP,I22_02_3.bmp,5.3667,22,02,3
1435,I22.BMP,I22_02_4.bmp,4.9667,22,02,4
1436,I22.BMP,I22_03_1.bmp,4.2414,22,03,1
1437,I22.BMP,I22_03_2.bmp,3.9355,22,03,2
1438,I22.BMP,I22_03_3.bmp,3.2667,22,03,3
1439,I22.BMP,I22_03_4.bmp,2.8,22,03,4
1440,I22.BMP,I22_04_1.bmp,6.0968,22,04,1
1441,I22.BMP,I22_04_2.bmp,5.6,22,04,2
1442,I22.BMP,I22_04_3.bmp,5.5333,22,04,3
1443,I22.BMP,I22_04_4.bmp,4.7,22,04,4
1444,I22.BMP,I22_05_1.bmp,5.7931,22,05,1
1445,I22.BMP,I22_05_2.bmp,5.2,22,05,2
1446,I22.BMP,I22_05_3.bmp,4.5806,22,05,3
1447,I22.BMP,I22_05_4.bmp,3.5333,22,05,4
1448,I22.BMP,I22_06_1.bmp,4.5667,22,06,1
1449,I22.BMP,I22_06_2.bmp,4.3,22,06,2
1450,I22.BMP,I22_06_3.bmp,4.0667,22,06,3
1451,I22.BMP,I22_06_4.bmp,3.3667,22,06,4
1452,I22.BMP,I22_07_1.bmp,5.4194,22,07,1
1453,I22.BMP,I22_07_2.bmp,4.6129,22,07,2
1454,I22.BMP,I22_07_3.bmp,4.0,22,07,3
1455,I22.BMP,I22_07_4.bmp,2.8,22,07,4
1456,I22.BMP,I22_08_1.bmp,5.4194,22,08,1
1457,I22.BMP,I22_08_2.bmp,4.5161,22,08,2
1458,I22.BMP,I22_08_3.bmp,3.6,22,08,3
1459,I22.BMP,I22_08_4.bmp,2.2759,22,08,4
1460,I22.BMP,I22_09_1.bmp,6.0323,22,09,1
1461,I22.BMP,I22_09_2.bmp,4.9355,22,09,2
1462,I22.BMP,I22_09_3.bmp,3.5,22,09,3
1463,I22.BMP,I22_09_4.bmp,2.0968,22,09,4
1464,I22.BMP,I22_10_1.bmp,6.0645,22,10,1
1465,I22.BMP,I22_10_2.bmp,5.5484,22,10,2
1466,I22.BMP,I22_10_3.bmp,3.4839,22,10,3
1467,I22.BMP,I22_10_4.bmp,1.4194,22,10,4
1468,I22.BMP,I22_11_1.bmp,5.8333,22,11,1
1469,I22.BMP,I22_11_2.bmp,4.5161,22,11,2
1470,I22.BMP,I22_11_3.bmp,2.0333,22,11,3
1471,I22.BMP,I22_11_4.bmp,0.0345,22,11,4
1472,I22.BMP,I22_12_1.bmp,6.1613,22,12,1
1473,I22.BMP,I22_12_2.bmp,5.9333,22,12,2
1474,I22.BMP,I22_12_3.bmp,3.9355,22,12,3
1475,I22.BMP,I22_12_4.bmp,2.6667,22,12,4
1476,I22.BMP,I22_13_1.bmp,4.5161,22,13,1
1477,I22.BMP,I22_13_2.bmp,3.9667,22,13,2
1478,I22.BMP,I22_13_3.bmp,3.1333,22,13,3
1479,I22.BMP,I22_13_4.bmp,2.6667,22,13,4
1480,I22.BMP,I22_14_1.bmp,6.2414,22,14,1
1481,I22.BMP,I22_14_2.bmp,5.7419,22,14,2
1482,I22.BMP,I22_14_3.bmp,4.6897,22,14,3
1483,I22.BMP,I22_14_4.bmp,4.3548,22,14,4
1484,I22.BMP,I22_15_1.bmp,2.7742,22,15,1
1485,I22.BMP,I22_15_2.bmp,3.2333,22,15,2
1486,I22.BMP,I22_15_3.bmp,4.0,22,15,3
1487,I22.BMP,I22_15_4.bmp,4.4839,22,15,4
1488,I22.BMP,I22_16_1.bmp,6.0,22,16,1
1489,I22.BMP,I22_16_2.bmp,6.0645,22,16,2
1490,I22.BMP,I22_16_3.bmp,4.8,22,16,3
1491,I22.BMP,I22_16_4.bmp,5.129,22,16,4
1492,I22.BMP,I22_17_1.bmp,7.129,22,17,1
1493,I22.BMP,I22_17_2.bmp,4.5484,22,17,2
1494,I22.BMP,I22_17_3.bmp,6.2903,22,17,3
1495,I22.BMP,I22_17_4.bmp,3.4333,22,17,4
1496,I23.BMP,I23_01_1.bmp,5.7188,23,01,1
1497,I23.BMP,I23_01_2.bmp,5.1935,23,01,2
1498,I23.BMP,I23_01_3.bmp,4.7742,23,01,3
1499,I23.BMP,I23_01_4.bmp,4.0645,23,01,4
1500,I23.BMP,I23_02_1.bmp,6.2581,23,02,1
1501,I23.BMP,I23_02_2.bmp,6.0,23,02,2
1502,I23.BMP,I23_02_3.bmp,5.6452,23,02,3
1503,I23.BMP,I23_02_4.bmp,4.9677,23,02,4
1504,I23.BMP,I23_03_1.bmp,4.3667,23,03,1
1505,I23.BMP,I23_03_2.bmp,4.129,23,03,2
1506,I23.BMP,I23_03_3.bmp,3.5625,23,03,3
1507,I23.BMP,I23_03_4.bmp,3.0938,23,03,4
1508,I23.BMP,I23_04_1.bmp,6.0313,23,04,1
1509,I23.BMP,I23_04_2.bmp,5.7742,23,04,2
1510,I23.BMP,I23_04_3.bmp,5.2258,23,04,3
1511,I23.BMP,I23_04_4.bmp,4.5806,23,04,4
1512,I23.BMP,I23_05_1.bmp,5.7097,23,05,1
1513,I23.BMP,I23_05_2.bmp,5.6563,23,05,2
1514,I23.BMP,I23_05_3.bmp,4.8065,23,05,3
1515,I23.BMP,I23_05_4.bmp,4.0667,23,05,4
1516,I23.BMP,I23_06_1.bmp,4.9688,23,06,1
1517,I23.BMP,I23_06_2.bmp,4.5313,23,06,2
1518,I23.BMP,I23_06_3.bmp,4.1613,23,06,3
1519,I23.BMP,I23_06_4.bmp,3.6875,23,06,4
1520,I23.BMP,I23_07_1.bmp,4.4375,23,07,1
1521,I23.BMP,I23_07_2.bmp,3.9677,23,07,2
1522,I23.BMP,I23_07_3.bmp,3.6129,23,07,3
1523,I23.BMP,I23_07_4.bmp,2.5161,23,07,4
1524,I23.BMP,I23_08_1.bmp,5.4688,23,08,1
1525,I23.BMP,I23_08_2.bmp,4.9375,23,08,2
1526,I23.BMP,I23_08_3.bmp,4.0,23,08,3
1527,I23.BMP,I23_08_4.bmp,2.7,23,08,4
1528,I23.BMP,I23_09_1.bmp,6.5313,23,09,1
1529,I23.BMP,I23_09_2.bmp,5.6875,23,09,2
1530,I23.BMP,I23_09_3.bmp,4.5161,23,09,3
1531,I23.BMP,I23_09_4.bmp,2.8438,23,09,4
1532,I23.BMP,I23_10_1.bmp,6.3438,23,10,1
1533,I23.BMP,I23_10_2.bmp,5.25,23,10,2
1534,I23.BMP,I23_10_3.bmp,3.8065,23,10,3
1535,I23.BMP,I23_10_4.bmp,2.25,23,10,4
1536,I23.BMP,I23_11_1.bmp,4.5806,23,11,1
1537,I23.BMP,I23_11_2.bmp,3.3226,23,11,2
1538,I23.BMP,I23_11_3.bmp,2.129,23,11,3
1539,I23.BMP,I23_11_4.bmp,0.1935,23,11,4
1540,I23.BMP,I23_12_1.bmp,5.9355,23,12,1
1541,I23.BMP,I23_12_2.bmp,3.7188,23,12,2
1542,I23.BMP,I23_12_3.bmp,2.7419,23,12,3
1543,I23.BMP,I23_12_4.bmp,1.5938,23,12,4
1544,I23.BMP,I23_13_1.bmp,4.5313,23,13,1
1545,I23.BMP,I23_13_2.bmp,3.625,23,13,2
1546,I23.BMP,I23_13_3.bmp,3.129,23,13,3
1547,I23.BMP,I23_13_4.bmp,3.0,23,13,4
1548,I23.BMP,I23_14_1.bmp,6.0313,23,14,1
1549,I23.BMP,I23_14_2.bmp,4.4,23,14,2
1550,I23.BMP,I23_14_3.bmp,5.125,23,14,3
1551,I23.BMP,I23_14_4.bmp,3.6563,23,14,4
1552,I23.BMP,I23_15_1.bmp,2.4375,23,15,1
1553,I23.BMP,I23_15_2.bmp,3.2188,23,15,2
1554,I23.BMP,I23_15_3.bmp,3.9063,23,15,3
1555,I23.BMP,I23_15_4.bmp,4.2581,23,15,4
1556,I23.BMP,I23_16_1.bmp,6.2813,23,16,1
1557,I23.BMP,I23_16_2.bmp,6.4688,23,16,2
1558,I23.BMP,I23_16_3.bmp,5.375,23,16,3
1559,I23.BMP,I23_16_4.bmp,6.6875,23,16,4
1560,I23.BMP,I23_17_1.bmp,6.9688,23,17,1
1561,I23.BMP,I23_17_2.bmp,5.0667,23,17,2
1562,I23.BMP,I23_17_3.bmp,6.9688,23,17,3
1563,I23.BMP,I23_17_4.bmp,4.0,23,17,4
1564,I24.BMP,I24_01_1.bmp,5.1875,24,01,1
1565,I24.BMP,I24_01_2.bmp,4.9677,24,01,2
1566,I24.BMP,I24_01_3.bmp,4.7742,24,01,3
1567,I24.BMP,I24_01_4.bmp,4.2188,24,01,4
1568,I24.BMP,I24_02_1.bmp,6.0,24,02,1
1569,I24.BMP,I24_02_2.bmp,5.6875,24,02,2
1570,I24.BMP,I24_02_3.bmp,5.4688,24,02,3
1571,I24.BMP,I24_02_4.bmp,4.7742,24,02,4
1572,I24.BMP,I24_03_1.bmp,4.625,24,03,1
1573,I24.BMP,I24_03_2.bmp,4.0,24,03,2
1574,I24.BMP,I24_03_3.bmp,3.5313,24,03,3
1575,I24.BMP,I24_03_4.bmp,2.8438,24,03,4
1576,I24.BMP,I24_04_1.bmp,6.125,24,04,1
1577,I24.BMP,I24_04_2.bmp,6.0,24,04,2
1578,I24.BMP,I24_04_3.bmp,5.4333,24,04,3
1579,I24.BMP,I24_04_4.bmp,4.9032,24,04,4
1580,I24.BMP,I24_05_1.bmp,6.0968,24,05,1
1581,I24.BMP,I24_05_2.bmp,5.1613,24,05,2
1582,I24.BMP,I24_05_3.bmp,4.3548,24,05,3
1583,I24.BMP,I24_05_4.bmp,3.5938,24,05,4
1584,I24.BMP,I24_06_1.bmp,4.5806,24,06,1
1585,I24.BMP,I24_06_2.bmp,4.5938,24,06,2
1586,I24.BMP,I24_06_3.bmp,4.0323,24,06,3
1587,I24.BMP,I24_06_4.bmp,3.4063,24,06,4
1588,I24.BMP,I24_07_1.bmp,4.8333,24,07,1
1589,I24.BMP,I24_07_2.bmp,3.8387,24,07,2
1590,I24.BMP,I24_07_3.bmp,3.125,24,07,3
1591,I24.BMP,I24_07_4.bmp,2.7333,24,07,4
1592,I24.BMP,I24_08_1.bmp,5.4063,24,08,1
1593,I24.BMP,I24_08_2.bmp,4.6875,24,08,2
1594,I24.BMP,I24_08_3.bmp,3.5313,24,08,3
1595,I24.BMP,I24_08_4.bmp,2.75,24,08,4
1596,I24.BMP,I24_09_1.bmp,5.5517,24,09,1
1597,I24.BMP,I24_09_2.bmp,4.7742,24,09,2
1598,I24.BMP,I24_09_3.bmp,3.1935,24,09,3
1599,I24.BMP,I24_09_4.bmp,1.8387,24,09,4
1600,I24.BMP,I24_10_1.bmp,5.8667,24,10,1
1601,I24.BMP,I24_10_2.bmp,5.3438,24,10,2
1602,I24.BMP,I24_10_3.bmp,3.2813,24,10,3
1603,I24.BMP,I24_10_4.bmp,1.2581,24,10,4
1604,I24.BMP,I24_11_1.bmp,5.3226,24,11,1
1605,I24.BMP,I24_11_2.bmp,4.2,24,11,2
1606,I24.BMP,I24_11_3.bmp,2.4516,24,11,3
1607,I24.BMP,I24_11_4.bmp,0.1613,24,11,4
1608,I24.BMP,I24_12_1.bmp,6.4194,24,12,1
1609,I24.BMP,I24_12_2.bmp,5.9375,24,12,2
1610,I24.BMP,I24_12_3.bmp,3.3226,24,12,3
1611,I24.BMP,I24_12_4.bmp,2.6875,24,12,4
1612,I24.BMP,I24_13_1.bmp,4.0,24,13,1
1613,I24.BMP,I24_13_2.bmp,3.5625,24,13,2
1614,I24.BMP,I24_13_3.bmp,3.0,24,13,3
1615,I24.BMP,I24_13_4.bmp,3.129,24,13,4
1616,I24.BMP,I24_14_1.bmp,6.5313,24,14,1
1617,I24.BMP,I24_14_2.bmp,5.3871,24,14,2
1618,I24.BMP,I24_14_3.bmp,5.0625,24,14,3
1619,I24.BMP,I24_14_4.bmp,4.5,24,14,4
1620,I24.BMP,I24_15_1.bmp,3.2813,24,15,1
1621,I24.BMP,I24_15_2.bmp,4.2188,24,15,2
1622,I24.BMP,I24_15_3.bmp,4.0645,24,15,3
1623,I24.BMP,I24_15_4.bmp,4.0313,24,15,4
1624,I24.BMP,I24_16_1.bmp,6.0323,24,16,1
1625,I24.BMP,I24_16_2.bmp,6.0625,24,16,2
1626,I24.BMP,I24_16_3.bmp,5.3548,24,16,3
1627,I24.BMP,I24_16_4.bmp,5.6563,24,16,4
1628,I24.BMP,I24_17_1.bmp,7.2188,24,17,1
1629,I24.BMP,I24_17_2.bmp,5.2258,24,17,2
1630,I24.BMP,I24_17_3.bmp,7.2813,24,17,3
1631,I24.BMP,I24_17_4.bmp,3.7742,24,17,4
1632,I25.BMP,I25_01_1.bmp,5.0769,25,01,1
1633,I25.BMP,I25_01_2.bmp,5.0,25,01,2
1634,I25.BMP,I25_01_3.bmp,4.36,25,01,3
1635,I25.BMP,I25_01_4.bmp,3.88,25,01,4
1636,I25.BMP,I25_02_1.bmp,5.8462,25,02,1
1637,I25.BMP,I25_02_2.bmp,5.9231,25,02,2
1638,I25.BMP,I25_02_3.bmp,5.125,25,02,3
1639,I25.BMP,I25_02_4.bmp,4.76,25,02,4
1640,I25.BMP,I25_03_1.bmp,4.4,25,03,1
1641,I25.BMP,I25_03_2.bmp,3.64,25,03,2
1642,I25.BMP,I25_03_3.bmp,3.3846,25,03,3
1643,I25.BMP,I25_03_4.bmp,2.5385,25,03,4
1644,I25.BMP,I25_04_1.bmp,6.1538,25,04,1
1645,I25.BMP,I25_04_2.bmp,6.1923,25,04,2
1646,I25.BMP,I25_04_3.bmp,5.88,25,04,3
1647,I25.BMP,I25_04_4.bmp,5.5769,25,04,4
1648,I25.BMP,I25_05_1.bmp,5.9615,25,05,1
1649,I25.BMP,I25_05_2.bmp,5.0385,25,05,2
1650,I25.BMP,I25_05_3.bmp,4.1667,25,05,3
1651,I25.BMP,I25_05_4.bmp,3.4231,25,05,4
1652,I25.BMP,I25_06_1.bmp,4.4,25,06,1
1653,I25.BMP,I25_06_2.bmp,4.3462,25,06,2
1654,I25.BMP,I25_06_3.bmp,4.12,25,06,3
1655,I25.BMP,I25_06_4.bmp,3.5,25,06,4
1656,I25.BMP,I25_07_1.bmp,3.5769,25,07,1
1657,I25.BMP,I25_07_2.bmp,3.5385,25,07,2
1658,I25.BMP,I25_07_3.bmp,3.28,25,07,3
1659,I25.BMP,I25_07_4.bmp,2.8462,25,07,4
1660,I25.BMP,I25_08_1.bmp,5.64,25,08,1
1661,I25.BMP,I25_08_2.bmp,4.24,25,08,2
1662,I25.BMP,I25_08_3.bmp,2.96,25,08,3
1663,I25.BMP,I25_08_4.bmp,1.7692,25,08,4
1664,I25.BMP,I25_09_1.bmp,5.8462,25,09,1
1665,I25.BMP,I25_09_2.bmp,5.16,25,09,2
1666,I25.BMP,I25_09_3.bmp,3.6,25,09,3
1667,I25.BMP,I25_09_4.bmp,1.76,25,09,4
1668,I25.BMP,I25_10_1.bmp,5.9615,25,10,1
1669,I25.BMP,I25_10_2.bmp,4.8077,25,10,2
1670,I25.BMP,I25_10_3.bmp,2.8462,25,10,3
1671,I25.BMP,I25_10_4.bmp,0.84,25,10,4
1672,I25.BMP,I25_11_1.bmp,6.44,25,11,1
1673,I25.BMP,I25_11_2.bmp,6.0769,25,11,2
1674,I25.BMP,I25_11_3.bmp,5.375,25,11,3
1675,I25.BMP,I25_11_4.bmp,4.7692,25,11,4
1676,I25.BMP,I25_12_1.bmp,5.6667,25,12,1
1677,I25.BMP,I25_12_2.bmp,4.52,25,12,2
1678,I25.BMP,I25_12_3.bmp,4.52,25,12,3
1679,I25.BMP,I25_12_4.bmp,4.5385,25,12,4
1680,I25.BMP,I25_13_1.bmp,6.0,25,13,1
1681,I25.BMP,I25_13_2.bmp,3.92,25,13,2
1682,I25.BMP,I25_13_3.bmp,4.56,25,13,3
1683,I25.BMP,I25_13_4.bmp,3.1923,25,13,4
1684,I25.BMP,I25_14_1.bmp,4.68,25,14,1
1685,I25.BMP,I25_14_2.bmp,4.0769,25,14,2
1686,I25.BMP,I25_14_3.bmp,3.0,25,14,3
1687,I25.BMP,I25_14_4.bmp,2.3462,25,14,4
1688,I25.BMP,I25_15_1.bmp,2.36,25,15,1
1689,I25.BMP,I25_15_2.bmp,3.3077,25,15,2
1690,I25.BMP,I25_15_3.bmp,3.8846,25,15,3
1691,I25.BMP,I25_15_4.bmp,4.28,25,15,4
1692,I25.BMP,I25_16_1.bmp,6.6538,25,16,1
1693,I25.BMP,I25_16_2.bmp,6.2308,25,16,2
1694,I25.BMP,I25_16_3.bmp,5.8462,25,16,3
1695,I25.BMP,I25_16_4.bmp,4.6,25,16,4
1696,I25.BMP,I25_17_1.bmp,7.24,25,17,1
1697,I25.BMP,I25_17_2.bmp,5.0,25,17,2
1698,I25.BMP,I25_17_3.bmp,6.4615,25,17,3
1699,I25.BMP,I25_17_4.bmp,3.5,25,17,4
